"","X","state","year","e85","total_stations","enacted","incentives","tax_incentives","grant_incentives","other_incentives","regulations","eth.production","corn.production","corn.prices","state_abb","population"
"1",1,"Alabama",2022,31,983,0,0,0,0,0,0,NA,NA,NA,"AL","5074296"
"2",2,"Alabama",2009,16,191,2,2,1,0,1,2,0,2.7e+07,3.89,"AL","4757938"
"3",3,"Alabama",2016,32,390,0,0,0,0,0,1,0,37800000,3.63,"AL","4863525"
"4",4,"Alabama",2021,33,823,0,0,0,0,0,0,NA,NA,NA,"AL","5049846"
"5",5,"Alabama",2017,39,489,0,0,0,0,0,1,0,39245000,4.04,"AL","4874486"
"6",6,"Alabama",2011,0,9,0,2,1,0,1,2,0,28500000,6.32,"AL","4799069"
"7",7,"Alabama",2010,15,153,0,2,1,0,1,2,0,28750000,5.07,"AL","4785437"
"8",8,"Alabama",2019,34,651,0,0,0,0,0,0,NA,NA,NA,"AL","4903185"
"9",9,"Alabama",2012,0,12,0,2,1,0,1,2,0,28910000,7.18,"AL","4815588"
"10",10,"Alabama",2014,32,259,0,1,1,0,0,1,0,45315000,3.75,"AL","4841799"
"11",11,"Alabama",2008,6,60,1,1,0,0,1,1,0,24440000,5.26,"AL","4718206"
"12",12,"Alabama",2007,3,71,1,0,0,0,0,1,0,21840000,4.54,"AL","4672840"
"13",13,"Alabama",2015,31,375,0,1,1,0,0,1,0,36015000,3.74,"AL","4852347"
"14",14,"Alabama",2020,29,736,0,0,0,0,0,0,NA,NA,NA,"AL","5031362"
"15",15,"Alabama",2013,0,10,0,1,1,0,0,1,0,43365000,4.71,"AL","4830081"
"16",16,"Alabama",2018,40,558,0,0,0,0,0,0,NA,NA,NA,"AL","4887681"
"17",17,"Alaska",2009,0,11,0,0,0,0,0,1,0,NA,NA,"AK","698895"
"18",18,"Alaska",2008,0,11,0,0,0,0,0,1,0,NA,NA,"AK","687455"
"19",19,"Alaska",2014,0,8,0,0,0,0,0,0,NA,NA,NA,"AK","736283"
"20",20,"Alaska",2022,0,118,0,0,0,0,0,0,NA,NA,NA,"AK","733583"
"21",21,"Alaska",2007,0,11,1,0,0,0,0,1,0,NA,NA,"AK","680300"
"22",22,"Alaska",2020,0,49,0,0,0,0,0,0,NA,NA,NA,"AK","732923"
"23",23,"Alaska",2016,0,13,0,0,0,0,0,0,NA,NA,NA,"AK","741456"
"24",24,"Alaska",2021,0,97,0,0,0,0,0,0,NA,NA,NA,"AK","734182"
"25",25,"Alaska",2011,20,148,0,0,0,0,0,1,0,NA,NA,"AK","722128"
"26",26,"Alaska",2015,0,11,0,0,0,0,0,0,NA,NA,NA,"AK","737498"
"27",27,"Alaska",2019,0,40,0,0,0,0,0,0,NA,NA,NA,"AK","731545"
"28",28,"Alaska",2012,28,198,0,0,0,0,0,0,NA,NA,NA,"AK","730443"
"29",29,"Alaska",2018,0,18,0,0,0,0,0,0,NA,NA,NA,"AK","735139"
"30",30,"Alaska",2017,0,19,0,0,0,0,0,0,NA,NA,NA,"AK","739700"
"31",31,"Alaska",2013,29,225,0,0,0,0,0,0,NA,NA,NA,"AK","737068"
"32",32,"Alaska",2010,0,11,0,0,0,0,0,1,0,NA,NA,"AK","713910"
"33",33,"Arizona",2011,20,91,0,1,0,1,0,1,1144,6230000,6.78,"AZ","6472643"
"34",34,"Arizona",2007,13,134,0,0,0,0,0,0,NA,NA,NA,"AZ","6167681"
"35",35,"Arizona",2009,26,143,0,1,0,1,0,0,1308,3500000,4.14,"AZ","6343154"
"36",36,"Arizona",2021,19,2457,0,0,0,0,0,1,0,3258000,7.65,"AZ","7264877"
"37",37,"Arizona",2015,30,1059,0,0,0,0,0,2,1154,7560000,4.98,"AZ","6829676"
"38",38,"Arizona",2020,20,1989,0,0,0,0,0,1,0,5858000,5.4,"AZ","7179943"
"39",39,"Arizona",2012,33,122,1,1,0,1,0,2,807,6240000,7.84,"AZ","6554978"
"40",40,"Arizona",2010,32,157,1,1,0,1,0,1,1176,4620000,5.8,"AZ","6407172"
"41",41,"Arizona",2018,22,1447,0,0,0,0,0,1,1184,4400000,4.96,"AZ","7158024"
"42",42,"Arizona",2014,30,999,0,1,0,1,0,2,1057,5880000,5.36,"AZ","6730413"
"43",43,"Arizona",2017,21,1290,0,0,0,0,0,1,1155,6240000,4.55,"AZ","7044008"
"44",44,"Arizona",2008,23,135,1,1,0,1,0,0,1290,2475000,5.8,"AZ","6280362"
"45",45,"Arizona",2016,25,1254,0,0,0,0,0,2,1078,10750000,4.73,"AZ","6941072"
"46",46,"Arizona",2019,22,1690,0,0,0,0,0,1,531,8547000,5.4,"AZ","7278717"
"47",47,"Arizona",2022,17,2829,0,0,0,0,0,0,NA,NA,NA,"AZ","7359197"
"48",48,"Arizona",2013,30,120,0,1,0,1,0,2,0,9027000,5.89,"AZ","6632764"
"49",49,"Arkansas",2012,32,682,1,1,0,0,1,1,0,123710000,6.81,"AR","2952164"
"50",50,"Arkansas",2014,43,155,0,1,0,0,1,1,0,99110000,4.13,"AR","2967392"
"51",51,"Arkansas",2016,44,203,0,0,0,0,0,1,0,127395000,3.69,"AR","2989918"
"52",52,"Arkansas",2009,10,63,1,1,0,0,1,0,0,60680000,3.79,"AR","2896843"
"53",53,"Arkansas",2020,50,455,0,0,0,0,0,0,NA,NA,NA,"AR","3014195"
"54",54,"Arkansas",2007,4,51,0,1,0,0,1,0,0,99710000,3.8,"AR","2848650"
"55",55,"Arkansas",2021,70,590,0,0,0,0,0,0,NA,NA,NA,"AR","3028122"
"56",56,"Arkansas",2011,33,189,0,1,0,0,1,0,0,73320000,6.27,"AR","2940667"
"57",57,"Arkansas",2010,13,75,0,1,0,0,1,0,0,5.7e+07,4.55,"AR","2921964"
"58",58,"Arkansas",2008,7,49,0,0,0,0,0,0,NA,NA,NA,"AR","2874554"
"59",59,"Arkansas",2022,74,735,0,0,0,0,0,0,NA,NA,NA,"AR","3045637"
"60",60,"Arkansas",2018,43,224,0,0,0,0,0,0,NA,NA,NA,"AR","3009733"
"61",61,"Arkansas",2015,47,182,0,1,0,0,1,1,0,80545000,4.11,"AR","2978048"
"62",62,"Arkansas",2019,47,394,0,0,0,0,0,0,NA,NA,NA,"AR","3017804"
"63",63,"Arkansas",2017,43,217,0,0,0,0,0,0,NA,NA,NA,"AR","3001345"
"64",64,"Arkansas",2013,31,921,0,1,0,0,1,1,0,161820000,5.12,"AR","2959400"
"65",65,"California",2022,326,44987,0,0,0,0,0,1,NA,NA,NA,"CA","39029342"
"66",66,"California",2013,88,5903,0,0,0,0,0,0,NA,NA,NA,"CA","38260787"
"67",67,"California",2009,45,937,0,1,0,0,1,1,1178,28800000,4.28,"CA","36961229"
"68",68,"California",2010,54,1011,0,0,0,0,0,1,1443,34560000,5.08,"CA","37319502"
"69",69,"California",2015,107,11242,1,1,0,0,1,1,4650,9420000,4.39,"CA","38918045"
"70",70,"California",2007,6,856,0,1,0,0,1,1,2128,34580000,4.28,"CA","36250311"
"71",71,"California",2018,161,22010,0,1,0,0,1,2,5170,11245000,4.4,"CA","39461588"
"72",72,"California",2011,58,2006,0,0,0,0,0,0,NA,NA,NA,"CA","37638369"
"73",73,"California",2008,13,862,0,1,0,0,1,1,2270,33150000,4.77,"CA","36604337"
"74",74,"California",2019,195,28038,0,0,0,0,0,1,4632,10080000,4.6,"CA","39512223"
"75",75,"California",2021,264,42193,0,0,0,0,0,1,2293,9400000,7.3,"CA","39142991"
"76",76,"California",2012,71,4261,0,0,0,0,0,0,NA,NA,NA,"CA","37948800"
"77",77,"California",2016,119,14969,1,1,0,0,1,2,4717,18500000,4.69,"CA","39167117"
"78",78,"California",2017,147,17426,0,1,0,0,1,2,5051,13360000,4.2,"CA","39358497"
"79",79,"California",2020,198,35527,0,0,0,0,0,1,2710,11220000,4.75,"CA","39501653"
"80",80,"California",2014,94,7758,1,0,0,0,0,1,4514,15675000,4.81,"CA","38596972"
"81",81,"Colorado",2008,65,144,1,2,1,1,0,2,2932,138370000,4.14,"CO","4889730"
"82",82,"Colorado",2010,86,179,0,2,1,1,0,2,3362,182710000,4.98,"CO","5047349"
"83",83,"Colorado",2018,81,1986,0,1,0,1,0,2,3457,154700000,3.7,"CO","5691287"
"84",84,"Colorado",2022,95,4589,0,0,0,0,0,0,NA,NA,NA,"CO","5839926"
"85",85,"Colorado",2011,83,213,0,2,1,1,0,1,3424,172900000,6.15,"CO","5121108"
"86",86,"Colorado",2007,45,157,3,2,1,1,0,1,2196,148400000,3.96,"CO","4803868"
"87",87,"Colorado",2016,88,1201,2,1,0,1,0,2,3413,160290000,3.42,"CO","5539215"
"88",88,"Colorado",2012,84,407,0,1,0,1,0,1,3409,134330000,6.86,"CO","5192647"
"89",89,"Colorado",2014,86,647,1,2,0,2,0,0,3324,147460000,3.95,"CO","5350101"
"90",90,"Colorado",2021,96,4163,0,0,0,0,0,0,NA,NA,NA,"CO","5811297"
"91",91,"Colorado",2009,80,168,0,2,1,1,0,2,2974,151470000,3.68,"CO","4972195"
"92",92,"Colorado",2019,84,2697,0,0,0,0,0,2,3287,159900000,3.68,"CO","5758736"
"93",93,"Colorado",2015,89,921,0,2,0,2,0,0,3479,134900000,3.69,"CO","5450623"
"94",94,"Colorado",2017,91,1590,0,1,0,1,0,2,3477,185900000,3.37,"CO","5611885"
"95",95,"Colorado",2020,88,3417,0,0,0,0,0,1,3212,122960000,4.62,"CO","5784865"
"96",96,"Colorado",2013,85,449,0,1,0,1,0,0,3447,128380000,4.61,"CO","5269035"
"97",97,"Connecticut",2021,3,1472,0,1,0,1,0,0,0,NA,NA,"CT","3623355"
"98",98,"Connecticut",2020,3,1283,0,1,0,1,0,0,0,NA,NA,"CT","3597362"
"99",99,"Connecticut",2013,1,254,0,1,0,1,0,0,0,NA,NA,"CT","3594841"
"100",100,"Connecticut",2012,1,187,0,1,0,1,0,0,0,NA,NA,"CT","3594547"
"101",101,"Connecticut",2022,3,1673,0,0,0,0,0,0,NA,NA,NA,"CT","3626205"
"102",102,"Connecticut",2014,3,399,0,1,0,1,0,0,0,NA,NA,"CT","3594524"
"103",103,"Connecticut",2011,0,75,0,1,0,1,0,0,0,NA,NA,"CT","3588283"
"104",104,"Connecticut",2007,2,32,0,0,0,0,0,0,NA,NA,NA,"CT","3527270"
"105",105,"Connecticut",2009,4,31,0,0,0,0,0,0,NA,NA,NA,"CT","3561807"
"106",106,"Connecticut",2008,4,31,0,0,0,0,0,0,NA,NA,NA,"CT","3545579"
"107",107,"Connecticut",2017,4,838,0,1,0,1,0,0,0,NA,NA,"CT","3573297"
"108",108,"Connecticut",2019,3,1093,0,1,0,1,0,0,0,NA,NA,"CT","3565287"
"109",109,"Connecticut",2015,4,542,0,1,0,1,0,0,0,NA,NA,"CT","3587122"
"110",110,"Connecticut",2010,1,37,1,1,0,1,0,0,0,NA,NA,"CT","3579114"
"111",111,"Connecticut",2018,4,889,0,1,0,1,0,0,0,NA,NA,"CT","3571520"
"112",112,"Connecticut",2016,4,774,0,1,0,1,0,0,0,NA,NA,"CT","3578141"
"113",113,"Delaware",2019,1,186,0,0,0,0,0,0,NA,NA,NA,"DE","973764"
"114",114,"Delaware",2021,1,327,0,0,0,0,0,0,NA,NA,NA,"DE","1004807"
"115",115,"Delaware",2011,1,6,0,0,0,0,0,1,0,23660000,6.93,"DE","907381"
"116",116,"Delaware",2012,1,20,0,0,0,0,0,1,0,24030000,7.55,"DE","915179"
"117",117,"Delaware",2010,1,8,1,0,0,0,0,1,0,19722000,6.21,"DE","899593"
"118",118,"Delaware",2015,1,67,0,0,0,0,0,0,NA,NA,NA,"DE","941252"
"119",119,"Delaware",2009,1,7,0,0,0,0,0,0,NA,NA,NA,"DE","891730"
"120",120,"Delaware",2016,1,80,0,0,0,0,0,0,NA,NA,NA,"DE","948921"
"121",121,"Delaware",2008,1,7,0,0,0,0,0,0,NA,NA,NA,"DE","883874"
"122",122,"Delaware",2014,1,37,0,0,0,0,0,1,0,33600000,3.83,"DE","932487"
"123",123,"Delaware",2007,1,8,0,0,0,0,0,0,NA,NA,NA,"DE","871749"
"124",124,"Delaware",2022,2,391,0,0,0,0,0,0,NA,NA,NA,"DE","1018396"
"125",125,"Delaware",2020,1,220,0,0,0,0,0,0,NA,NA,NA,"DE","992114"
"126",126,"Delaware",2017,1,115,0,0,0,0,0,0,NA,NA,NA,"DE","956823"
"127",127,"Delaware",2018,1,145,0,0,0,0,0,0,NA,NA,NA,"DE","965479"
"128",128,"Delaware",2013,1,27,0,0,0,0,0,1,0,28884000,4.94,"DE","923576"
"129",129,"District of Columbia",2009,3,7,0,0,0,0,0,0,NA,NA,NA,"DC","592228"
"130",130,"District of Columbia",2020,3,713,0,0,0,0,0,1,0,NA,NA,"DC","670868"
"131",131,"District of Columbia",2019,3,566,1,0,0,0,0,1,0,NA,NA,"DC","705749"
"132",132,"District of Columbia",2022,4,992,0,0,0,0,0,0,NA,NA,NA,"DC","671803"
"133",133,"District of Columbia",2021,4,842,0,0,0,0,0,0,NA,NA,NA,"DC","668791"
"134",134,"District of Columbia",2010,3,8,0,0,0,0,0,0,NA,NA,NA,"DC","605226"
"135",135,"District of Columbia",2017,3,272,0,0,0,0,0,0,NA,NA,NA,"DC","694906"
"136",136,"District of Columbia",2008,3,6,0,0,0,0,0,0,NA,NA,NA,"DC","580236"
"137",137,"District of Columbia",2014,3,146,0,0,0,0,0,0,NA,NA,NA,"DC","662328"
"138",138,"District of Columbia",2011,3,58,0,0,0,0,0,0,NA,NA,NA,"DC","619800"
"139",139,"District of Columbia",2007,3,6,0,0,0,0,0,0,NA,NA,NA,"DC","574404"
"140",140,"District of Columbia",2012,3,112,0,0,0,0,0,0,NA,NA,NA,"DC","634924"
"141",141,"District of Columbia",2013,3,74,0,0,0,0,0,0,NA,NA,NA,"DC","650581"
"142",142,"District of Columbia",2016,4,258,0,0,0,0,0,0,NA,NA,NA,"DC","685815"
"143",143,"District of Columbia",2015,3,246,0,0,0,0,0,0,NA,NA,NA,"DC","675400"
"144",144,"District of Columbia",2018,3,346,0,0,0,0,0,0,NA,NA,NA,"DC","701547"
"145",145,"Florida",2014,62,1446,0,1,1,0,0,0,0,5400000,3.65,"FL","19845911"
"146",146,"Florida",2018,88,3330,0,1,0,1,0,0,0,9734000,4.47,"FL","21244317"
"147",147,"Florida",2017,82,2802,0,1,0,1,0,0,0,5957000,4.47,"FL","20963613"
"148",148,"Florida",2021,111,7039,0,0,0,0,0,0,NA,NA,NA,"FL","21828069"
"149",149,"Florida",2010,42,154,0,1,0,0,1,5,0,2725000,4.7,"FL","18845537"
"150",150,"Florida",2019,88,4858,0,1,0,1,0,0,0,8694000,4.39,"FL","21477737"
"151",151,"Florida",2009,30,125,2,1,0,0,1,5,0,3589000,4,"FL","18652644"
"152",152,"Florida",2012,51,1024,1,1,1,0,0,3,0,4600000,7.5,"FL","19297822"
"153",153,"Florida",2011,62,520,0,0,0,0,0,5,0,3432000,6.65,"FL","19053237"
"154",154,"Florida",2013,54,1165,0,1,1,0,0,3,0,10374000,4.51,"FL","19545621"
"155",155,"Florida",2020,94,5794,0,0,0,0,0,0,NA,NA,NA,"FL","21589602"
"156",156,"Florida",2008,18,97,3,1,0,0,1,3,0,3850000,4.5,"FL","18527305"
"157",157,"Florida",2007,11,94,0,1,0,0,1,0,0,3150000,4,"FL","18367842"
"158",158,"Florida",2015,74,2006,1,2,1,1,0,0,0,7050000,3.8,"FL","20209042"
"159",159,"Florida",2016,74,2429,0,2,1,1,0,0,0,5800000,3.93,"FL","20613477"
"160",160,"Florida",2022,143,8130,0,0,0,0,0,0,NA,NA,NA,"FL","22244823"
"161",161,"Georgia",2018,54,2406,0,0,0,0,0,0,NA,NA,NA,"GA","10511131"
"162",162,"Georgia",2007,11,96,2,2,0,1,1,1,10,57150000,4.5,"GA","9349988"
"163",163,"Georgia",2009,37,122,0,2,0,1,1,1,2388,51800000,4.1,"GA","9620846"
"164",164,"Georgia",2011,51,194,1,2,0,0,2,1,1875,42930000,7.3,"GA","9802431"
"165",165,"Georgia",2020,66,3861,0,0,0,0,0,0,NA,NA,NA,"GA","10729828"
"166",166,"Georgia",2022,58,4308,0,0,0,0,0,0,NA,NA,NA,"GA","10912876"
"167",167,"Georgia",2012,59,347,0,2,0,0,2,1,1423,55800000,7.9,"GA","9901430"
"168",168,"Georgia",2021,67,4142,0,0,0,0,0,0,NA,NA,NA,"GA","10788029"
"169",169,"Georgia",2013,61,539,0,1,0,0,1,1,1347,81375000,5.17,"GA","9972479"
"170",170,"Georgia",2017,53,2120,0,0,0,0,0,0,NA,NA,NA,"GA","10410330"
"171",171,"Georgia",2014,52,836,0,1,0,0,1,1,2137,52700000,4.17,"GA","10067278"
"172",172,"Georgia",2016,56,1736,0,0,0,0,0,0,NA,NA,NA,"GA","10301890"
"173",173,"Georgia",2015,58,1372,1,2,1,0,1,0,2334,48735000,3.9,"GA","10178447"
"174",174,"Georgia",2010,41,133,0,1,0,0,1,1,2329,35770000,5.95,"GA","9711881"
"175",175,"Georgia",2008,28,111,0,2,0,1,1,1,596,43400000,4.5,"GA","9504843"
"176",176,"Georgia",2019,52,3140,1,0,0,0,0,1,2792,5.6e+07,4.53,"GA","10617423"
"177",177,"Hawaii",2015,3,511,0,1,1,0,0,2,0,NA,NA,"HI","1422052"
"178",178,"Hawaii",2009,0,12,0,2,2,0,0,4,0,NA,NA,"HI","1346717"
"179",179,"Hawaii",2017,2,646,0,1,1,0,0,1,0,NA,NA,"HI","1424393"
"180",180,"Hawaii",2012,3,333,1,1,1,0,0,3,0,NA,NA,"HI","1394804"
"181",181,"Hawaii",2010,1,17,1,2,2,0,0,2,0,NA,NA,"HI","1363963"
"182",182,"Hawaii",2021,1,845,0,1,1,0,0,0,0,NA,NA,"HI","1447154"
"183",183,"Hawaii",2020,2,773,0,1,1,0,0,0,0,NA,NA,"HI","1451043"
"184",184,"Hawaii",2014,3,449,0,1,1,0,0,3,0,NA,NA,"HI","1414538"
"185",185,"Hawaii",2016,2,587,1,2,2,0,0,1,0,NA,NA,"HI","1427559"
"186",186,"Hawaii",2011,1,73,0,2,2,0,0,2,0,NA,NA,"HI","1379329"
"187",187,"Hawaii",2007,0,16,2,2,2,0,0,3,0,NA,NA,"HI","1315675"
"188",188,"Hawaii",2022,1,955,0,0,0,0,0,0,NA,NA,NA,"HI","1440196"
"189",189,"Hawaii",2008,0,15,1,2,2,0,0,4,0,NA,NA,"HI","1332213"
"190",190,"Hawaii",2013,3,370,0,1,1,0,0,3,0,NA,NA,"HI","1408243"
"191",191,"Hawaii",2018,2,554,0,1,1,0,0,1,0,NA,NA,"HI","1420593"
"192",192,"Hawaii",2019,2,680,0,1,1,0,0,1,0,NA,NA,"HI","1415872"
"193",193,"Idaho",2016,6,193,0,0,0,0,0,0,NA,NA,NA,"ID","1682380"
"194",194,"Idaho",2017,5,221,0,0,0,0,0,0,NA,NA,NA,"ID","1717715"
"195",195,"Idaho",2010,7,58,0,1,1,0,0,0,1452,20900000,5.27,"ID","1570746"
"196",196,"Idaho",2012,188,289,0,0,0,0,0,0,NA,NA,NA,"ID","1595324"
"197",197,"Idaho",2009,5,51,0,3,2,1,0,0,293,14800000,4.23,"ID","1554439"
"198",198,"Idaho",2015,7,131,0,0,0,0,0,0,NA,NA,NA,"ID","1651059"
"199",199,"Idaho",2018,6,223,0,0,0,0,0,0,NA,NA,NA,"ID","1750536"
"200",200,"Idaho",2019,4,261,0,0,0,0,0,0,NA,NA,NA,"ID","1787065"
"201",201,"Idaho",2011,167,215,0,1,1,0,0,0,1479,22680000,6.96,"ID","1583910"
"202",202,"Idaho",2007,4,73,3,3,2,1,0,0,40,17850000,4.96,"ID","1505105"
"203",203,"Idaho",2013,186,305,0,0,0,0,0,0,NA,NA,NA,"ID","1611206"
"204",204,"Idaho",2014,8,78,0,0,0,0,0,0,NA,NA,NA,"ID","1631112"
"205",205,"Idaho",2008,5,44,0,3,2,1,0,0,876,13600000,4.32,"ID","1534320"
"206",206,"Idaho",2022,4,419,0,0,0,0,0,0,NA,NA,NA,"ID","1939033"
"207",207,"Idaho",2020,5,324,0,0,0,0,0,0,NA,NA,NA,"ID","1849202"
"208",208,"Idaho",2021,5,385,0,0,0,0,0,0,NA,NA,NA,"ID","1904314"
"209",209,"Illinois",2019,279,2306,1,1,0,1,0,1,35260,1846200000,3.55,"IL","12671821"
"210",210,"Illinois",2008,181,262,1,3,0,0,3,6,23988,2130100000,4.01,"IL","12747038"
"211",211,"Illinois",2015,247,1357,1,5,0,2,3,2,37062,2012500000,3.69,"IL","12858913"
"212",212,"Illinois",2021,304,3211,0,0,0,0,0,1,34083,2191700000,5.96,"IL","12686469"
"213",213,"Illinois",2016,263,1593,0,6,0,3,3,2,41078,2255650000,3.43,"IL","12820527"
"214",214,"Illinois",2012,9,62,0,3,0,1,2,7,35647,1286250000,6.87,"IL","12882510"
"215",215,"Illinois",2020,284,2785,0,0,0,0,0,1,33807,2120100000,4.46,"IL","12786580"
"216",216,"Illinois",2011,9,74,0,3,0,1,2,7,35493,1938950000,6.25,"IL","12867454"
"217",217,"Illinois",2009,204,311,2,3,0,0,3,8,30498,2053200000,3.53,"IL","12796778"
"218",218,"Illinois",2017,270,1691,1,5,0,2,3,2,39548,2200950000,3.41,"IL","12778828"
"219",219,"Illinois",2010,219,341,3,3,0,1,2,9,35621,1946800000,5.24,"IL","12840503"
"220",220,"Illinois",2014,234,1200,1,4,0,1,3,5,37807,2.35e+09,3.71,"IL","12884493"
"221",221,"Illinois",2007,159,244,2,3,0,0,3,5,21566,2283750000,4.09,"IL","12695866"
"222",222,"Illinois",2013,9,66,0,3,0,1,2,5,36403,2100400000,4.52,"IL","12895129"
"223",223,"Illinois",2018,280,1853,0,1,0,0,1,2,36449,2.268e+09,3.62,"IL","12723071"
"224",224,"Illinois",2022,293,3842,0,0,0,0,0,0,NA,NA,NA,"IL","12582032"
"225",225,"Indiana",2016,200,821,0,3,1,1,1,1,27001,946310000,3.63,"IN","6634304"
"226",226,"Indiana",2018,211,801,0,2,0,1,1,0,28312,967680000,3.78,"IN","6695497"
"227",227,"Indiana",2008,111,162,1,4,2,1,1,1,13847,873600000,4.1,"IN","6424806"
"228",228,"Indiana",2014,188,629,0,3,2,0,1,2,23883,1084760000,3.75,"IN","6593644"
"229",229,"Indiana",2011,218,491,0,5,3,1,1,3,23786,839500000,6.31,"IN","6516528"
"230",230,"Indiana",2017,204,833,1,2,0,1,1,1,27471,9.36e+08,3.56,"IN","6658078"
"231",231,"Indiana",2020,234,1112,0,0,0,0,0,0,NA,NA,NA,"IN","6788799"
"232",232,"Indiana",2007,98,158,4,4,2,1,1,0,6337,980980000,4.39,"IN","6379599"
"233",233,"Indiana",2013,218,899,1,3,2,0,1,2,21749,1031910000,4.47,"IN","6568713"
"234",234,"Indiana",2012,206,821,0,4,3,0,1,3,20465,596970000,7.23,"IN","6537703"
"235",235,"Indiana",2019,221,938,0,2,0,1,1,0,25137,814580000,3.84,"IN","6732219"
"236",236,"Indiana",2010,138,202,1,5,3,1,1,3,22487,898040000,5.38,"IN","6490432"
"237",237,"Indiana",2009,112,169,2,5,3,1,1,2,16723,933660000,3.66,"IN","6459325"
"238",238,"Indiana",2022,240,1411,0,0,0,0,0,0,NA,NA,NA,"IN","6833037"
"239",239,"Indiana",2015,194,720,1,4,2,1,1,1,25175,8.22e+08,3.92,"IN","6608422"
"240",240,"Indiana",2021,247,1282,0,0,0,0,0,0,NA,NA,NA,"IN","6813532"
"241",241,"Iowa",2016,210,480,0,1,1,0,0,0,95983,2740500000,3.3,"IA","3131371"
"242",242,"Iowa",2019,300,704,0,2,2,0,0,0,104135,2583900000,3.5,"IA","3155070"
"243",243,"Iowa",2022,346,1320,0,1,1,0,0,0,NA,NA,NA,"IA","3200517"
"244",244,"Iowa",2009,124,153,1,3,0,1,2,5,74000,2407300000,3.59,"IA","3032870"
"245",245,"Iowa",2011,153,227,0,3,0,1,2,5,89315,2356400000,6.2,"IA","3066336"
"246",246,"Iowa",2010,144,173,0,3,0,1,2,5,84071,2153250000,5.23,"IA","3050745"
"247",247,"Iowa",2020,315,855,0,2,2,0,0,0,92137,2283300000,4.64,"IA","3190571"
"248",248,"Iowa",2014,210,353,1,1,1,0,0,0,89188,2367400000,3.71,"IA","3109350"
"249",249,"Iowa",2015,214,423,0,1,1,0,0,0,94058,2505600000,3.52,"IA","3120960"
"250",250,"Iowa",2021,342,983,0,2,2,0,0,0,97418,2539800000,6.1,"IA","3197689"
"251",251,"Iowa",2012,157,527,0,1,0,0,1,3,86265,1876900000,6.92,"IA","3076190"
"252",252,"Iowa",2007,75,112,3,4,0,2,2,4,46548,2376900000,4.29,"IA","2999212"
"253",253,"Iowa",2017,247,556,1,2,2,0,0,0,100558,2605800000,3.31,"IA","3141550"
"254",254,"Iowa",2013,169,554,0,1,0,0,1,0,87238,2140200000,4.49,"IA","3092997"
"255",255,"Iowa",2008,107,136,3,3,0,2,1,6,56123,2188800000,4.1,"IA","3016734"
"256",256,"Iowa",2018,267,616,0,2,2,0,0,0,104035,2.499e+09,3.59,"IA","3148618"
"257",257,"Kansas",2012,32,148,0,2,1,0,1,1,9648,375250000,7.04,"KS","2885257"
"258",258,"Kansas",2013,28,186,0,1,0,0,1,0,9513,5.04e+08,4.49,"KS","2893212"
"259",259,"Kansas",2010,39,84,0,2,2,0,0,1,10818,576600000,4.95,"KS","2858190"
"260",260,"Kansas",2017,20,827,0,1,0,0,1,0,12160,686400000,3.28,"KS","2908718"
"261",261,"Kansas",2022,73,1187,0,0,0,0,0,0,NA,NA,NA,"KS","2937150"
"262",262,"Kansas",2011,40,101,1,3,2,0,1,1,10860,449400000,6.28,"KS","2869225"
"263",263,"Kansas",2009,31,85,0,2,2,0,0,1,9781,598300000,3.49,"KS","2832704"
"264",264,"Kansas",2007,20,73,2,2,2,0,0,0,5530,507840000,4.13,"KS","2783785"
"265",265,"Kansas",2020,56,1066,0,0,0,0,0,0,NA,NA,NA,"KS","2937919"
"266",266,"Kansas",2008,23,74,1,2,2,0,0,1,10573,482790000,4.12,"KS","2808076"
"267",267,"Kansas",2015,26,640,0,1,0,0,1,0,11596,580160000,3.69,"KS","2909011"
"268",268,"Kansas",2014,25,263,0,1,0,0,1,0,11678,566200000,3.78,"KS","2900475"
"269",269,"Kansas",2018,26,872,0,1,0,0,1,0,12526,642420000,3.58,"KS","2911359"
"270",270,"Kansas",2019,38,1002,0,0,0,0,0,0,NA,NA,NA,"KS","2913314"
"271",271,"Kansas",2021,63,1143,0,0,0,0,0,0,NA,NA,NA,"KS","2937922"
"272",272,"Kansas",2016,21,813,0,1,0,0,1,0,11854,698640000,3.2,"KS","2910844"
"273",273,"Kentucky",2010,21,67,2,3,1,1,1,4,814,152520000,5.15,"KY","4348181"
"274",274,"Kentucky",2015,68,224,0,2,1,1,0,5,652,225320000,3.88,"KY","4425976"
"275",275,"Kentucky",2011,29,75,1,3,1,1,1,5,702,180700000,6.3,"KY","4369821"
"276",276,"Kentucky",2012,35,121,0,3,1,1,1,4,630,104040000,6.96,"KY","4386346"
"277",277,"Kentucky",2014,62,225,0,3,1,1,1,5,658,225940000,3.94,"KY","4414349"
"278",278,"Kentucky",2018,74,342,0,2,1,1,0,0,700,213500000,3.84,"KY","4461153"
"279",279,"Kentucky",2009,15,42,0,2,1,1,0,3,842,189750000,3.74,"KY","4317074"
"280",280,"Kentucky",2022,73,717,0,1,0,1,0,0,NA,NA,NA,"KY","4512310"
"281",281,"Kentucky",2008,11,25,4,2,1,1,0,3,830,152320000,4.36,"KY","4289878"
"282",282,"Kentucky",2007,8,34,0,0,0,0,0,1,848,171520000,4.14,"KY","4256672"
"283",283,"Kentucky",2013,55,155,1,3,1,1,1,5,654,243100000,4.67,"KY","4404659"
"284",284,"Kentucky",2021,75,635,0,1,0,1,0,0,939,276480000,5.79,"KY","4506589"
"285",285,"Kentucky",2016,72,294,0,2,1,1,0,3,708,222600000,3.74,"KY","4438182"
"286",286,"Kentucky",2020,72,494,0,1,0,1,0,0,928,250240000,4.52,"KY","4507445"
"287",287,"Kentucky",2017,73,321,0,2,1,1,0,2,713,217160000,3.69,"KY","4452268"
"288",288,"Kentucky",2019,71,433,0,2,1,1,0,0,844,245050000,3.92,"KY","4467673"
"289",289,"Louisiana",2010,5,29,2,4,1,1,2,2,30,7e+07,4.9,"LA","4544532"
"290",290,"Louisiana",2022,18,563,0,1,1,0,0,0,NA,NA,NA,"LA","4590241"
"291",291,"Louisiana",2008,3,18,4,3,1,1,1,2,23,73440000,4.45,"LA","4435586"
"292",292,"Louisiana",2007,1,24,0,1,1,0,0,0,0,118990000,3.8,"LA","4375581"
"293",293,"Louisiana",2009,5,26,0,3,1,1,1,2,36,80520000,3.55,"LA","4491648"
"294",294,"Louisiana",2013,4,114,0,3,1,1,1,1,36,115910000,5.1,"LA","4624527"
"295",295,"Louisiana",2018,12,320,0,1,1,0,0,0,0,77850000,3.86,"LA","4659690"
"296",296,"Louisiana",2012,4,107,0,4,1,1,2,2,29,91690000,6.9,"LA","4600972"
"297",297,"Louisiana",2020,18,453,0,1,1,0,0,0,0,87785000,3.74,"LA","4651664"
"298",298,"Louisiana",2021,22,482,0,1,1,0,0,0,0,103395000,5.29,"LA","4627098"
"299",299,"Louisiana",2011,2,47,0,4,1,1,2,2,28,76950000,6.1,"LA","4575625"
"300",300,"Louisiana",2019,14,392,0,1,1,0,0,0,0,89925000,3.86,"LA","4648794"
"301",301,"Louisiana",2017,12,315,0,1,1,0,0,0,0,90160000,3.72,"LA","4670560"
"302",302,"Louisiana",2014,8,136,0,3,1,1,1,0,33,71370000,4.15,"LA","4644013"
"303",303,"Louisiana",2016,11,242,0,1,1,0,0,0,0,90750000,3.7,"LA","4678135"
"304",304,"Louisiana",2015,9,162,0,2,1,0,1,0,0,66690000,4,"LA","4664628"
"305",305,"Maine",2011,4,113,1,1,0,0,1,4,0,NA,NA,"ME","1328284"
"306",306,"Maine",2010,0,9,2,1,0,0,1,3,0,NA,NA,"ME","1327629"
"307",307,"Maine",2008,0,14,0,1,1,0,0,2,0,NA,NA,"ME","1330509"
"308",308,"Maine",2020,0,531,0,0,0,0,0,1,0,NA,NA,"ME","1363557"
"309",309,"Maine",2015,0,108,0,1,1,0,0,1,0,NA,NA,"ME","1328262"
"310",310,"Maine",2009,0,13,1,1,0,0,1,2,0,NA,NA,"ME","1329590"
"311",311,"Maine",2022,1,877,0,0,0,0,0,0,NA,NA,NA,"ME","1385340"
"312",312,"Maine",2021,0,640,0,0,0,0,0,0,NA,NA,NA,"ME","1377238"
"313",313,"Maine",2017,0,240,0,0,0,0,0,1,0,NA,NA,"ME","1334612"
"314",314,"Maine",2007,0,11,1,1,1,0,0,2,0,NA,NA,"ME","1327040"
"315",315,"Maine",2019,1,452,0,0,0,0,0,1,0,NA,NA,"ME","1344212"
"316",316,"Maine",2018,1,282,0,0,0,0,0,1,0,NA,NA,"ME","1339057"
"317",317,"Maine",2014,0,61,0,1,1,0,0,1,0,NA,NA,"ME","1330513"
"318",318,"Maine",2013,8,607,0,1,1,0,0,2,0,NA,NA,"ME","1328009"
"319",319,"Maine",2016,0,204,0,1,1,0,0,1,0,NA,NA,"ME","1331317"
"320",320,"Maine",2012,8,469,1,2,1,0,1,4,0,NA,NA,"ME","1327729"
"321",321,"Maryland",2009,15,46,0,1,1,0,0,1,0,61625000,3.71,"MD","5730388"
"322",322,"Maryland",2022,55,4056,0,0,0,0,0,0,NA,NA,NA,"MD","6164660"
"323",323,"Maryland",2010,19,57,0,1,1,0,0,1,0,45580000,6.05,"MD","5788645"
"324",324,"Maryland",2007,8,44,0,0,0,0,0,2,0,46965000,4.64,"MD","5653408"
"325",325,"Maryland",2021,46,3537,1,1,0,1,0,0,0,74375000,6.39,"MD","6174610"
"326",326,"Maryland",2008,12,47,1,1,1,0,0,1,0,48400000,4.42,"MD","5684965"
"327",327,"Maryland",2016,34,1227,0,2,1,0,1,0,0,60800000,4.05,"MD","6003323"
"328",328,"Maryland",2020,43,2860,1,1,0,1,0,0,0,66650000,5.6,"MD","6173205"
"329",329,"Maryland",2011,23,220,0,1,1,0,0,0,0,45780000,6.7,"MD","5839419"
"330",330,"Maryland",2012,22,464,0,1,1,0,0,0,0,53070000,7.3,"MD","5886992"
"331",331,"Maryland",2014,34,723,1,2,1,0,1,0,0,75250000,3.79,"MD","5957283"
"332",332,"Maryland",2013,25,613,0,1,1,0,0,0,0,66360000,4.84,"MD","5923188"
"333",333,"Maryland",2018,35,1850,0,0,0,0,0,0,NA,NA,NA,"MD","6035802"
"334",334,"Maryland",2015,34,940,0,2,1,0,1,0,0,62320000,3.88,"MD","5985562"
"335",335,"Maryland",2019,39,2204,0,0,0,0,0,0,NA,NA,NA,"MD","6045680"
"336",336,"Maryland",2017,36,1442,0,1,0,0,1,0,0,72240000,4.02,"MD","6023868"
"337",337,"Massachusetts",2008,1,51,0,0,0,0,0,2,0,NA,NA,"MA","6468967"
"338",338,"Massachusetts",2012,1,36,0,1,0,0,1,1,0,NA,NA,"MA","6663005"
"339",339,"Massachusetts",2020,7,3468,0,0,0,0,0,0,NA,NA,NA,"MA","6995729"
"340",340,"Massachusetts",2017,7,1574,0,1,0,0,1,0,0,NA,NA,"MA","6859789"
"341",341,"Massachusetts",2009,2,55,5,1,0,0,1,6,0,NA,NA,"MA","6517613"
"342",342,"Massachusetts",2007,0,59,1,0,0,0,0,2,0,NA,NA,"MA","6431559"
"343",343,"Massachusetts",2015,6,1036,0,1,0,0,1,0,0,NA,NA,"MA","6794228"
"344",344,"Massachusetts",2018,7,1860,0,0,0,0,0,0,NA,NA,NA,"MA","6882635"
"345",345,"Massachusetts",2014,9,788,0,1,0,0,1,0,0,NA,NA,"MA","6762596"
"346",346,"Massachusetts",2022,6,5817,0,0,0,0,0,0,NA,NA,NA,"MA","6981974"
"347",347,"Massachusetts",2013,1,41,0,1,0,0,1,0,0,NA,NA,"MA","6713315"
"348",348,"Massachusetts",2021,6,4930,0,0,0,0,0,0,NA,NA,NA,"MA","6989690"
"349",349,"Massachusetts",2011,0,11,0,1,0,0,1,1,0,NA,NA,"MA","6613583"
"350",350,"Massachusetts",2016,7,1331,0,1,0,0,1,0,0,NA,NA,"MA","6823608"
"351",351,"Massachusetts",2010,3,57,0,1,0,0,1,6,0,NA,NA,"MA","6566307"
"352",352,"Massachusetts",2019,6,2521,0,0,0,0,0,0,NA,NA,NA,"MA","6892503"
"353",353,"Michigan",2009,95,199,2,5,2,1,2,4,5114,309320000,3.53,"MI","9901591"
"354",354,"Michigan",2008,60,166,3,3,1,1,1,4,5416,295320000,3.84,"MI","9946889"
"355",355,"Michigan",2016,254,1535,0,0,0,0,0,1,6824,320280000,3.44,"MI","9950571"
"356",356,"Michigan",2017,254,1601,0,0,0,0,0,1,8158,300510000,3.46,"MI","9973114"
"357",357,"Michigan",2010,109,221,1,4,2,0,2,5,6590,312900000,5.56,"MI","9877510"
"358",358,"Michigan",2020,236,1961,0,1,0,1,0,0,7381,304470000,4.72,"MI","10069577"
"359",359,"Michigan",2019,241,1802,0,0,0,0,0,0,NA,NA,NA,"MI","9986857"
"360",360,"Michigan",2015,241,1178,0,0,0,0,0,1,6713,335340000,3.63,"MI","9931715"
"361",361,"Michigan",2007,51,164,4,3,1,2,0,2,4420,287820000,4.37,"MI","10001284"
"362",362,"Michigan",2021,245,2200,1,1,0,1,0,0,7657,346260000,5.86,"MI","10037504"
"363",363,"Michigan",2014,220,1050,0,0,0,0,0,1,6704,355810000,3.65,"MI","9929848"
"364",364,"Michigan",2022,228,3037,0,0,0,0,0,0,NA,NA,NA,"MI","10034113"
"365",365,"Michigan",2011,122,578,1,4,2,1,1,3,6577,335070000,6.14,"MI","9882412"
"366",366,"Michigan",2013,163,999,0,1,0,1,0,1,6611,345650000,4.18,"MI","9913065"
"367",367,"Michigan",2012,129,896,0,2,0,1,1,2,6395,314160000,6.69,"MI","9897145"
"368",368,"Michigan",2018,253,1774,0,0,0,0,0,0,NA,NA,NA,"MI","9984072"
"369",369,"Minnesota",2009,351,381,1,2,1,1,0,4,22651,1244100000,3.47,"MN","5281203"
"370",370,"Minnesota",2021,454,2073,0,1,0,0,1,0,30446,1387680000,5.91,"MN","5711471"
"371",371,"Minnesota",2010,360,396,2,3,2,1,0,5,26246,1292100000,5.01,"MN","5310828"
"372",372,"Minnesota",2018,412,1292,0,2,1,1,0,0,29187,1357720000,3.47,"MN","5606249"
"373",373,"Minnesota",2017,372,1212,0,2,1,1,0,3,28509,1480220000,3.18,"MN","5566230"
"374",374,"Minnesota",2022,437,2267,0,1,0,0,1,0,NA,NA,NA,"MN","5717184"
"375",375,"Minnesota",2014,278,780,0,2,1,1,0,3,26791,1177800000,3.58,"MN","5451079"
"376",376,"Minnesota",2008,353,385,1,1,1,0,0,4,17133,1166400000,3.92,"MN","5247018"
"377",377,"Minnesota",2020,422,1852,0,1,0,0,1,0,27284,1434410000,4.52,"MN","5709852"
"378",378,"Minnesota",2019,430,1570,2,3,0,2,1,0,30107,1254250000,3.26,"MN","5639632"
"379",379,"Minnesota",2016,314,1083,0,2,1,1,0,3,27920,1.544e+09,3.21,"MN","5522744"
"380",380,"Minnesota",2013,336,626,1,2,1,1,0,3,24480,1294260000,4.3,"MN","5413479"
"381",381,"Minnesota",2011,364,476,1,3,1,2,0,5,27452,1193500000,6.09,"MN","5346143"
"382",382,"Minnesota",2012,360,564,0,3,1,2,0,3,25193,1374450000,6.67,"MN","5376643"
"383",383,"Minnesota",2015,289,874,4,3,1,2,0,4,27718,1428800000,3.37,"MN","5482032"
"384",384,"Minnesota",2007,313,348,2,1,1,0,0,3,14119,1146100000,4.13,"MN","5207203"
"385",385,"Mississippi",2022,5,524,0,0,0,0,0,0,NA,NA,NA,"MS","2940057"
"386",386,"Mississippi",2008,2,40,0,0,0,0,0,0,NA,NA,NA,"MS","2947806"
"387",387,"Mississippi",2014,3,161,0,0,0,0,0,1,0,89725000,4.24,"MS","2990468"
"388",388,"Mississippi",2009,4,47,1,0,0,0,0,1,1285,88960000,3.72,"MS","2958774"
"389",389,"Mississippi",2015,3,166,0,1,0,1,0,0,703,85750000,4.01,"MS","2988471"
"390",390,"Mississippi",2021,4,520,0,0,0,0,0,0,NA,NA,NA,"MS","2949586"
"391",391,"Mississippi",2013,106,333,0,0,0,0,0,1,0,146080000,5.05,"MS","2988711"
"392",392,"Mississippi",2019,6,391,0,0,0,0,0,0,NA,NA,NA,"MS","2976149"
"393",393,"Mississippi",2020,5,437,0,0,0,0,0,0,NA,NA,NA,"MS","2958141"
"394",394,"Mississippi",2018,5,223,0,0,0,0,0,0,NA,NA,NA,"MS","2981020"
"395",395,"Mississippi",2011,106,224,0,0,0,0,0,1,993,93440000,6.23,"MS","2978731"
"396",396,"Mississippi",2012,110,310,0,0,0,0,0,1,870,131175000,6.94,"MS","2983816"
"397",397,"Mississippi",2016,3,175,1,1,0,1,0,0,1181,119520000,3.74,"MS","2987938"
"398",398,"Mississippi",2007,1,42,0,0,0,0,0,0,NA,NA,NA,"MS","2928350"
"399",399,"Mississippi",2010,3,50,0,0,0,0,0,1,1076,91120000,4.37,"MS","2970548"
"400",400,"Mississippi",2017,5,225,0,0,0,0,0,0,NA,NA,NA,"MS","2988510"
"401",401,"Missouri",2022,136,2437,0,2,0,2,0,0,NA,NA,NA,"MO","6177957"
"402",402,"Missouri",2009,97,182,0,1,1,0,0,0,6209,446760000,3.58,"MO","5961088"
"403",403,"Missouri",2021,132,2417,0,1,0,1,0,0,6493,545370000,6.15,"MO","6169823"
"404",404,"Missouri",2020,115,2269,0,1,0,1,0,1,6098,560880000,4.59,"MO","6153998"
"405",405,"Missouri",2013,1,172,1,2,1,0,1,0,5328,435200000,4.57,"MO","6040715"
"406",406,"Missouri",2015,99,720,0,2,1,0,1,1,6506,437360000,3.69,"MO","6071732"
"407",407,"Missouri",2008,87,164,1,1,1,0,0,0,5320,381600000,4.11,"MO","5923916"
"408",408,"Missouri",2019,111,2102,1,1,0,1,0,1,6597,463450000,3.67,"MO","6137428"
"409",409,"Missouri",2012,1,182,0,1,1,0,0,0,5290,247500000,7.34,"MO","6024367"
"410",410,"Missouri",2016,92,1349,0,1,1,0,0,1,6646,570500000,3.4,"MO","6087135"
"411",411,"Missouri",2017,94,1759,0,1,1,0,0,1,6828,552500000,3.41,"MO","6106670"
"412",412,"Missouri",2007,69,186,0,0,0,0,0,0,NA,NA,NA,"MO","5887612"
"413",413,"Missouri",2014,101,381,1,2,1,0,1,1,6300,628680000,3.54,"MO","6056202"
"414",414,"Missouri",2011,2,51,0,1,1,0,0,0,6036,347700000,6.4,"MO","6010275"
"415",415,"Missouri",2018,98,1872,0,1,1,0,0,1,6837,466200000,3.68,"MO","6121623"
"416",416,"Missouri",2010,103,193,0,1,1,0,0,0,6143,3.69e+08,5.35,"MO","5995974"
"417",417,"Montana",2022,2,284,0,2,2,0,0,0,NA,NA,NA,"MT","1122867"
"418",418,"Montana",2011,1,55,0,1,1,0,0,2,0,4572000,6.47,"MT","997316"
"419",419,"Montana",2010,2,64,0,1,1,0,0,2,0,4590000,6,"MT","990697"
"420",420,"Montana",2009,1,53,0,1,1,0,0,2,0,3952000,4.23,"MT","983982"
"421",421,"Montana",2015,2,113,0,1,1,0,0,0,0,5500000,4.01,"MT","1030475"
"422",422,"Montana",2012,3,54,0,1,1,0,0,2,0,6240000,7.21,"MT","1003783"
"423",423,"Montana",2021,2,243,0,2,2,0,0,0,0,6e+06,6.9,"MT","1106227"
"424",424,"Montana",2008,1,37,1,1,1,0,0,2,0,4270000,3.8,"MT","976415"
"425",425,"Montana",2014,2,70,0,1,1,0,0,0,0,7500000,3.77,"MT","1021869"
"426",426,"Montana",2007,2,40,2,1,1,0,0,1,0,5320000,4.76,"MT","964706"
"427",427,"Montana",2019,1,183,0,2,2,0,0,0,0,5700000,3.7,"MT","1068778"
"428",428,"Montana",2016,2,141,0,1,1,0,0,0,0,5500000,4.15,"MT","1040859"
"429",429,"Montana",2020,1,230,0,2,2,0,0,0,0,6649000,4.4,"MT","1087075"
"430",430,"Montana",2013,4,59,0,1,1,0,0,0,0,8625000,4.27,"MT","1013569"
"431",431,"Montana",2017,2,142,1,1,1,0,0,1,0,4550000,3.41,"MT","1052482"
"432",432,"Montana",2018,2,151,1,2,2,0,0,0,0,5780000,3.79,"MT","1060665"
"433",433,"Nebraska",2010,58,79,1,1,1,0,0,2,44111,1469100000,5.09,"NE","1829542"
"434",434,"Nebraska",2011,29,409,1,2,2,0,0,2,46402,1.536e+09,6.11,"NE","1840672"
"435",435,"Nebraska",2015,82,180,0,1,1,0,0,0,46646,1692750000,3.57,"NE","1891277"
"436",436,"Nebraska",2009,48,71,0,1,1,0,0,1,28038,1584150000,3.58,"NE","1812683"
"437",437,"Nebraska",2016,80,237,1,1,1,0,0,1,48878,1699900000,3.32,"NE","1905616"
"438",438,"Nebraska",2008,35,58,2,1,1,0,0,1,28081,1393650000,4.05,"NE","1796378"
"439",439,"Nebraska",2017,95,295,1,2,1,1,0,0,49765,1683300000,3.35,"NE","1915947"
"440",440,"Nebraska",2007,27,53,0,0,0,0,0,0,NA,NA,NA,"NE","1783440"
"441",441,"Nebraska",2020,88,419,0,1,0,1,0,1,42863,1780200000,4.47,"NE","1962642"
"442",442,"Nebraska",2012,30,726,0,2,2,0,0,2,42693,1292200000,6.85,"NE","1853303"
"443",443,"Nebraska",2019,97,375,1,2,1,1,0,1,50117,1785420000,3.52,"NE","1934408"
"444",444,"Nebraska",2021,120,537,0,1,0,1,0,1,48251,1854640000,5.96,"NE","1963554"
"445",445,"Nebraska",2014,80,160,0,1,1,0,0,0,46343,1602050000,3.77,"NE","1879321"
"446",446,"Nebraska",2018,88,330,0,2,1,1,0,0,49723,1785600000,3.58,"NE","1925614"
"447",447,"Nebraska",2022,126,631,0,0,0,0,0,0,NA,NA,NA,"NE","1967923"
"448",448,"Nebraska",2013,22,814,0,1,1,0,0,1,42754,1613950000,4.47,"NE","1865279"
"449",449,"Nevada",2015,20,376,0,0,0,0,0,2,0,NA,NA,"NV","2866939"
"450",450,"Nevada",2014,21,330,0,0,0,0,0,3,0,NA,NA,"NV","2817628"
"451",451,"Nevada",2012,79,106,0,0,0,0,0,3,0,NA,NA,"NV","2743996"
"452",452,"Nevada",2022,19,1711,0,0,0,0,0,0,NA,NA,NA,"NV","3177772"
"453",453,"Nevada",2007,6,73,0,0,0,0,0,0,NA,NA,NA,"NV","2601072"
"454",454,"Nevada",2011,74,97,1,0,0,0,0,3,0,NA,NA,"NV","2712730"
"455",455,"Nevada",2009,14,68,2,0,0,0,0,2,0,NA,NA,"NV","2684665"
"456",456,"Nevada",2018,14,712,0,0,0,0,0,1,0,NA,NA,"NV","3027341"
"457",457,"Nevada",2020,12,1206,0,0,0,0,0,0,NA,NA,NA,"NV","3115648"
"458",458,"Nevada",2021,12,1395,0,0,0,0,0,0,NA,NA,NA,"NV","3146402"
"459",459,"Nevada",2010,26,89,0,0,0,0,0,2,0,NA,NA,"NV","2702405"
"460",460,"Nevada",2013,58,84,0,0,0,0,0,3,0,NA,NA,"NV","2775970"
"461",461,"Nevada",2019,12,976,0,0,0,0,0,1,0,NA,NA,"NV","3080156"
"462",462,"Nevada",2017,19,675,0,0,0,0,0,1,0,NA,NA,"NV","2969905"
"463",463,"Nevada",2008,16,69,0,0,0,0,0,0,NA,NA,NA,"NV","2653630"
"464",464,"Nevada",2016,20,557,0,0,0,0,0,1,0,NA,NA,"NV","2917563"
"465",465,"New Hampshire",2017,0,232,0,0,0,0,0,0,NA,NA,NA,"NH","1348787"
"466",466,"New Hampshire",2012,77,118,1,1,0,1,0,3,0,NA,NA,"NH","1324232"
"467",467,"New Hampshire",2019,0,277,0,0,0,0,0,0,NA,NA,NA,"NH","1359711"
"468",468,"New Hampshire",2021,0,375,0,0,0,0,0,0,NA,NA,NA,"NH","1387505"
"469",469,"New Hampshire",2009,0,25,0,1,0,1,0,1,0,NA,NA,"NH","1316102"
"470",470,"New Hampshire",2013,75,137,0,0,0,0,0,3,0,NA,NA,"NH","1326622"
"471",471,"New Hampshire",2016,0,212,0,0,0,0,0,0,NA,NA,NA,"NH","1342307"
"472",472,"New Hampshire",2010,0,25,1,1,0,1,0,2,0,NA,NA,"NH","1316762"
"473",473,"New Hampshire",2011,68,92,1,1,0,1,0,3,0,NA,NA,"NH","1320202"
"474",474,"New Hampshire",2015,0,156,0,0,0,0,0,1,0,NA,NA,"NH","1336350"
"475",475,"New Hampshire",2014,1,88,0,0,0,0,0,2,0,NA,NA,"NH","1333341"
"476",476,"New Hampshire",2018,0,265,0,0,0,0,0,0,NA,NA,NA,"NH","1353465"
"477",477,"New Hampshire",2020,0,319,0,0,0,0,0,0,NA,NA,NA,"NH","1378587"
"478",478,"New Hampshire",2022,0,490,0,0,0,0,0,0,NA,NA,NA,"NH","1395231"
"479",479,"New Hampshire",2008,0,33,1,1,0,1,0,1,0,NA,NA,"NH","1315906"
"480",480,"New Hampshire",2007,0,37,0,0,0,0,0,1,0,NA,NA,"NH","1312540"
"481",481,"New Jersey",2022,6,2744,0,0,0,0,0,0,NA,NA,NA,"NJ","9261699"
"482",482,"New Jersey",2019,6,1351,0,0,0,0,0,0,NA,NA,NA,"NJ","8882190"
"483",483,"New Jersey",2017,4,629,0,0,0,0,0,1,0,11690000,3.75,"NJ","8885525"
"484",484,"New Jersey",2020,6,1702,0,0,0,0,0,0,NA,NA,NA,"NJ","9271689"
"485",485,"New Jersey",2010,4,42,0,1,0,0,1,0,0,8094000,6.05,"NJ","8799446"
"486",486,"New Jersey",2021,6,2060,0,0,0,0,0,0,NA,NA,NA,"NJ","9267961"
"487",487,"New Jersey",2011,0,36,0,0,0,0,0,0,NA,NA,NA,"NJ","8828117"
"488",488,"New Jersey",2008,0,22,0,1,0,0,1,0,0,8584000,4.15,"NJ","8711090"
"489",489,"New Jersey",2009,2,31,0,1,0,0,1,0,0,10010000,3.73,"NJ","8755602"
"490",490,"New Jersey",2015,5,465,0,0,0,0,0,1,0,10584000,3.85,"NJ","8867949"
"491",491,"New Jersey",2018,6,801,0,0,0,0,0,0,NA,NA,NA,"NJ","8886025"
"492",492,"New Jersey",2012,0,59,0,0,0,0,0,0,NA,NA,NA,"NJ","8844942"
"493",493,"New Jersey",2013,0,58,1,0,0,0,0,1,0,11120000,4.66,"NJ","8856972"
"494",494,"New Jersey",2014,5,306,0,0,0,0,0,1,0,12403000,3.8,"NJ","8864525"
"495",495,"New Jersey",2016,5,565,0,0,0,0,0,1,0,10295000,3.9,"NJ","8870827"
"496",496,"New Jersey",2007,0,21,1,1,0,0,1,0,0,10168000,4.65,"NJ","8677885"
"497",497,"New Mexico",2017,11,257,0,1,0,1,0,1,0,5762000,3.9,"NM","2091784"
"498",498,"New Mexico",2016,10,220,0,1,0,1,0,1,0,6150000,3.93,"NM","2091630"
"499",499,"New Mexico",2007,6,75,0,0,0,0,0,2,719,9720000,5.2,"NM","1990070"
"500",500,"New Mexico",2022,17,599,0,0,0,0,0,0,NA,NA,NA,"NM","2113344"
"501",501,"New Mexico",2009,10,77,2,0,0,0,0,4,654,9500000,4.12,"NM","2036802"
"502",502,"New Mexico",2012,5,235,0,0,0,0,0,2,484,7310000,7.3,"NM","2087309"
"503",503,"New Mexico",2015,10,187,1,1,0,1,0,1,0,7200000,4.58,"NM","2089291"
"504",504,"New Mexico",2020,14,457,0,0,0,0,0,0,NA,NA,NA,"NM","2118390"
"505",505,"New Mexico",2018,12,273,0,0,0,0,0,0,NA,NA,NA,"NM","2092741"
"506",506,"New Mexico",2014,14,140,0,0,0,0,0,1,545,9360000,4.35,"NM","2089568"
"507",507,"New Mexico",2021,18,543,0,0,0,0,0,0,NA,NA,NA,"NM","2116677"
"508",508,"New Mexico",2008,8,76,0,0,0,0,0,2,528,10175000,5.3,"NM","2010662"
"509",509,"New Mexico",2010,11,82,0,0,0,0,0,2,598,11880000,5.03,"NM","2064552"
"510",510,"New Mexico",2013,5,268,0,0,0,0,0,2,608,7220000,5.18,"NM","2092273"
"511",511,"New Mexico",2011,4,110,0,0,0,0,0,2,552,8100000,6.35,"NM","2080450"
"512",512,"New Mexico",2019,14,336,0,0,0,0,0,0,NA,NA,NA,"NM","2096829"
"513",513,"New York",2019,71,4765,0,1,1,0,0,0,3519,86110000,4.2,"NY","19453561"
"514",514,"New York",2018,72,2807,0,1,1,0,0,0,3308,97785000,4.16,"NY","19530351"
"515",515,"New York",2014,83,1336,0,3,0,2,1,1,3490,100640000,4.11,"NY","19651049"
"516",516,"New York",2012,14,112,0,5,0,3,2,1,3095,91120000,6.78,"NY","19572932"
"517",517,"New York",2010,75,238,0,5,1,3,1,2,2482,87910000,6.3,"NY","19399878"
"518",518,"New York",2022,79,9730,0,0,0,0,0,0,NA,NA,NA,"NY","19677151"
"519",519,"New York",2017,72,2228,0,1,1,0,0,0,3687,78085000,4.07,"NY","19589572"
"520",520,"New York",2013,13,110,0,3,0,2,1,1,3762,94530000,4.52,"NY","19624447"
"521",521,"New York",2020,75,6301,0,0,0,0,0,0,NA,NA,NA,"NY","20108296"
"522",522,"New York",2008,17,145,2,3,1,2,0,3,2064,92160000,4.32,"NY","19212436"
"523",523,"New York",2015,85,1570,0,0,0,0,0,1,3465,84370000,4.01,"NY","19654666"
"524",524,"New York",2011,9,81,2,6,0,4,2,1,3063,82460000,6.9,"NY","19499241"
"525",525,"New York",2021,79,7834,0,0,0,0,0,0,NA,NA,NA,"NY","19857492"
"526",526,"New York",2009,38,177,2,5,1,3,1,3,1189,79730000,4.02,"NY","19307066"
"527",527,"New York",2016,79,1936,1,1,1,0,0,1,3801,73530000,3.9,"NY","19633428"
"528",528,"New York",2007,8,83,1,1,1,0,0,3,100,70400000,5.05,"NY","19132335"
"529",529,"North Carolina",2017,79,1704,0,0,0,0,0,0,NA,NA,NA,"NC","10268233"
"530",530,"North Carolina",2013,20,182,1,6,4,2,0,1,0,122120000,4.96,"NC","9843336"
"531",531,"North Carolina",2014,23,967,0,4,4,0,0,1,0,102960000,4.19,"NC","9932887"
"532",532,"North Carolina",2019,89,2223,0,0,0,0,0,0,NA,NA,NA,"NC","10488084"
"533",533,"North Carolina",2021,100,3102,0,0,0,0,0,0,NA,NA,NA,"NC","10565885"
"534",534,"North Carolina",2008,14,136,0,1,0,1,0,1,0,64740000,4.91,"NC","9309449"
"535",535,"North Carolina",2020,96,2597,0,0,0,0,0,0,NA,NA,NA,"NC","10449445"
"536",536,"North Carolina",2009,19,227,1,2,0,1,1,1,0,93600000,3.9,"NC","9449566"
"537",537,"North Carolina",2018,86,1818,0,0,0,0,0,0,NA,NA,NA,"NC","10381615"
"538",538,"North Carolina",2007,12,138,0,1,0,1,0,1,0,1.01e+08,4,"NC","9118037"
"539",539,"North Carolina",2010,20,254,3,4,1,2,1,0,0,76440000,5.18,"NC","9574323"
"540",540,"North Carolina",2012,19,128,3,7,4,2,1,0,0,95940000,7.48,"NC","9749476"
"541",541,"North Carolina",2011,23,109,0,4,1,2,1,0,0,68460000,7.04,"NC","9657592"
"542",542,"North Carolina",2015,26,1113,0,1,1,0,0,1,0,82490000,4.32,"NC","10031646"
"543",543,"North Carolina",2016,58,1366,0,1,1,0,0,0,0,121260000,4.07,"NC","10154788"
"544",544,"North Carolina",2022,107,3353,1,1,0,1,0,0,NA,NA,NA,"NC","10698973"
"545",545,"North Dakota",2011,82,480,0,1,0,1,0,1,7721,216300000,5.81,"ND","685225"
"546",546,"North Dakota",2019,41,114,1,1,1,0,0,0,12407,410030000,3.07,"ND","762062"
"547",547,"North Dakota",2012,84,780,0,1,0,1,0,1,7329,422120000,6.46,"ND","701176"
"548",548,"North Dakota",2020,38,165,0,0,0,0,0,0,NA,NA,NA,"ND","779518"
"549",549,"North Dakota",2014,77,104,0,0,0,0,0,0,NA,NA,NA,"ND","737401"
"550",550,"North Dakota",2008,30,46,1,1,1,0,0,2,3666,285200000,3.74,"ND","657569"
"551",551,"North Dakota",2016,43,80,0,0,0,0,0,0,NA,NA,NA,"ND","754434"
"552",552,"North Dakota",2013,81,995,0,1,0,1,0,0,7344,3.96e+08,3.91,"ND","722036"
"553",553,"North Dakota",2017,41,83,0,1,1,0,0,0,12205,448970000,3.04,"ND","754942"
"554",554,"North Dakota",2022,42,235,0,0,0,0,0,0,NA,NA,NA,"ND","779261"
"555",555,"North Dakota",2021,49,210,0,0,0,0,0,0,NA,NA,NA,"ND","777934"
"556",556,"North Dakota",2010,55,85,0,1,0,1,0,1,7451,248160000,5.01,"ND","674715"
"557",557,"North Dakota",2015,53,86,0,0,0,0,0,0,NA,NA,NA,"ND","754066"
"558",558,"North Dakota",2007,23,41,0,1,1,0,0,1,3255,272600000,4.06,"ND","652822"
"559",559,"North Dakota",2018,44,100,0,1,1,0,0,0,12242,448290000,3.32,"ND","758080"
"560",560,"North Dakota",2009,30,59,1,1,0,1,0,1,6197,200100000,3.18,"ND","664968"
"561",561,"Ohio",2012,88,355,0,2,1,1,0,1,10799,4.38e+08,7.09,"OH","11548923"
"562",562,"Ohio",2021,213,2558,0,1,0,1,0,0,13988,644620000,5.92,"OH","11764342"
"563",563,"Ohio",2013,97,385,1,3,1,2,0,0,11291,650760000,4.41,"OH","11576684"
"564",564,"Ohio",2020,193,2178,0,1,0,1,0,0,12725,564300000,4.69,"OH","11797517"
"565",565,"Ohio",2008,64,162,3,4,2,1,1,1,7941,408720000,4.21,"OH","11515391"
"566",566,"Ohio",2014,128,501,0,3,1,2,0,0,13313,612480000,3.78,"OH","11602700"
"567",567,"Ohio",2022,209,3139,0,0,0,0,0,0,NA,NA,NA,"OH","11756058"
"568",568,"Ohio",2018,165,1291,0,2,0,2,0,0,15131,617100000,3.74,"OH","11676341"
"569",569,"Ohio",2015,136,674,0,2,0,2,0,0,13507,498780000,3.89,"OH","11617527"
"570",570,"Ohio",2011,84,223,0,4,2,1,1,1,11205,489600000,6.44,"OH","11544663"
"571",571,"Ohio",2019,180,1691,0,1,0,1,0,0,14934,421480000,3.91,"OH","11689100"
"572",572,"Ohio",2010,67,169,0,4,2,1,1,1,9669,523200000,5.45,"OH","11539336"
"573",573,"Ohio",2009,63,162,0,4,2,1,1,1,6256,536940000,3.55,"OH","11528896"
"574",574,"Ohio",2007,47,155,0,2,1,1,0,0,42,541500000,4.29,"OH","11500468"
"575",575,"Ohio",2016,151,856,0,2,0,2,0,0,13978,524700000,3.61,"OH","11634370"
"576",576,"Ohio",2017,164,1113,1,2,0,2,0,0,14573,557550000,3.61,"OH","11659650"
"577",577,"Oklahoma",2014,25,321,0,2,1,0,1,2,0,42630000,4.11,"OK","3878187"
"578",578,"Oklahoma",2017,32,431,0,1,0,0,1,1,0,38430000,3.59,"OK","3931316"
"579",579,"Oklahoma",2012,27,203,0,1,0,0,1,2,0,32450000,7.04,"OK","3818814"
"580",580,"Oklahoma",2013,27,307,3,3,1,0,2,2,0,44950000,5.09,"OK","3853214"
"581",581,"Oklahoma",2010,13,126,0,1,0,0,1,4,0,43520000,4.66,"OK","3759944"
"582",582,"Oklahoma",2022,95,1428,0,0,0,0,0,0,NA,NA,NA,"OK","4019800"
"583",583,"Oklahoma",2019,56,617,0,0,0,0,0,0,NA,NA,NA,"OK","3956971"
"584",584,"Oklahoma",2011,15,140,0,1,0,0,1,3,0,17480000,6.22,"OK","3788379"
"585",585,"Oklahoma",2007,4,131,1,1,1,0,0,2,0,39150000,4.07,"OK","3634349"
"586",586,"Oklahoma",2009,11,123,2,2,1,0,1,4,0,33600000,3.71,"OK","3717572"
"587",587,"Oklahoma",2018,52,481,0,0,0,0,0,1,0,36180000,3.86,"OK","3940235"
"588",588,"Oklahoma",2016,29,407,0,1,0,0,1,2,0,42350000,3.39,"OK","3926331"
"589",589,"Oklahoma",2008,6,127,1,1,1,0,0,3,0,35200000,4.46,"OK","3668976"
"590",590,"Oklahoma",2020,69,1004,0,0,0,0,0,0,NA,NA,NA,"OK","3964912"
"591",591,"Oklahoma",2021,88,1411,0,0,0,0,0,0,NA,NA,NA,"OK","3991225"
"592",592,"Oklahoma",2015,31,362,0,1,0,0,1,2,0,36120000,3.93,"OK","3909500"
"593",593,"Oregon",2022,5,2572,0,0,0,0,0,0,NA,NA,NA,"OR","4240137"
"594",594,"Oregon",2013,8,995,0,4,3,0,1,0,882,6768000,5.44,"OR","3922468"
"595",595,"Oregon",2012,8,855,1,4,3,0,1,0,802,10660000,6.96,"OR","3899001"
"596",596,"Oregon",2009,8,99,0,5,5,0,0,0,1380,6880000,4.12,"OR","3808600"
"597",597,"Oregon",2020,4,2227,0,0,0,0,0,0,NA,NA,NA,"OR","4244795"
"598",598,"Oregon",2014,7,1071,1,4,2,0,2,0,1040,7410000,4.45,"OR","3963244"
"599",599,"Oregon",2017,10,1518,0,3,2,0,1,0,970,9328000,3.78,"OR","4143625"
"600",600,"Oregon",2018,10,1698,0,0,0,0,0,0,NA,NA,NA,"OR","4181886"
"601",601,"Oregon",2019,9,2024,0,0,0,0,0,0,NA,NA,NA,"OR","4217737"
"602",602,"Oregon",2011,9,392,1,6,5,0,1,0,832,10965000,6.95,"OR","3872036"
"603",603,"Oregon",2010,8,112,0,5,5,0,0,0,855,7600000,5.94,"OR","3837491"
"604",604,"Oregon",2008,8,102,3,7,5,2,0,0,1782,6435000,4.15,"OR","3768748"
"605",605,"Oregon",2016,10,1416,0,3,2,0,1,0,904,8970000,4.25,"OR","4089976"
"606",606,"Oregon",2015,8,1205,0,3,2,0,1,0,947,5640000,4,"OR","4015792"
"607",607,"Oregon",2021,4,2541,0,0,0,0,0,0,NA,NA,NA,"OR","4256301"
"608",608,"Oregon",2007,6,94,0,4,2,2,0,0,349,7e+06,4.36,"OR","3722417"
"609",609,"Pennsylvania",2017,75,1044,0,0,0,0,0,0,NA,NA,NA,"PA","12787641"
"610",610,"Pennsylvania",2016,41,897,0,1,0,1,0,0,2474,122550000,4.04,"PA","12782275"
"611",611,"Pennsylvania",2015,37,699,0,1,0,1,0,0,2283,138180000,3.97,"PA","12784826"
"612",612,"Pennsylvania",2014,33,542,0,1,0,1,0,0,2341,158620000,3.9,"PA","12788313"
"613",613,"Pennsylvania",2019,125,1803,0,0,0,0,0,0,NA,NA,NA,"PA","12801989"
"614",614,"Pennsylvania",2009,26,127,2,1,1,0,0,3,0,130640000,3.84,"PA","12666858"
"615",615,"Pennsylvania",2013,33,429,1,2,0,2,0,0,2523,159140000,4.47,"PA","12776309"
"616",616,"Pennsylvania",2021,146,2993,0,0,0,0,0,0,NA,NA,NA,"PA","13012059"
"617",617,"Pennsylvania",2020,143,2378,0,0,0,0,0,0,NA,NA,NA,"PA","12994440"
"618",618,"Pennsylvania",2018,123,1297,0,0,0,0,0,0,NA,NA,NA,"PA","12800922"
"619",619,"Pennsylvania",2007,12,150,2,0,0,0,0,2,0,121520000,4.56,"PA","12563937"
"620",620,"Pennsylvania",2011,35,176,0,2,1,1,0,1,2055,106560000,7.05,"PA","12745815"
"621",621,"Pennsylvania",2008,19,114,0,0,0,0,0,2,0,117040000,4.16,"PA","12612285"
"622",622,"Pennsylvania",2010,37,140,1,2,1,1,0,3,2339,116480000,6.12,"PA","12711160"
"623",623,"Pennsylvania",2012,32,368,0,2,1,1,0,1,2076,1.31e+08,7.21,"PA","12767118"
"624",624,"Pennsylvania",2022,172,3594,0,0,0,0,0,0,NA,NA,NA,"PA","12972008"
"625",625,"Rhode Island",2008,0,15,0,2,1,0,1,0,0,NA,NA,"RI","1055003"
"626",626,"Rhode Island",2022,0,781,0,0,0,0,0,0,NA,NA,NA,"RI","1093734"
"627",627,"Rhode Island",2016,0,222,0,0,0,0,0,1,0,NA,NA,"RI","1056770"
"628",628,"Rhode Island",2019,0,420,0,0,0,0,0,0,NA,NA,NA,"RI","1059361"
"629",629,"Rhode Island",2010,0,13,0,0,0,0,0,0,NA,NA,NA,"RI","1053959"
"630",630,"Rhode Island",2020,0,562,0,0,0,0,0,0,NA,NA,NA,"RI","1096345"
"631",631,"Rhode Island",2021,0,637,0,0,0,0,0,0,NA,NA,NA,"RI","1096985"
"632",632,"Rhode Island",2015,0,197,1,0,0,0,0,2,0,NA,NA,"RI","1056065"
"633",633,"Rhode Island",2007,0,13,0,3,2,0,1,0,0,NA,NA,"RI","1057315"
"634",634,"Rhode Island",2014,0,166,0,0,0,0,0,1,0,NA,NA,"RI","1055936"
"635",635,"Rhode Island",2012,0,55,0,0,0,0,0,1,0,NA,NA,"RI","1054621"
"636",636,"Rhode Island",2011,0,18,1,0,0,0,0,1,0,NA,NA,"RI","1053649"
"637",637,"Rhode Island",2018,0,263,0,0,0,0,0,0,NA,NA,NA,"RI","1058287"
"638",638,"Rhode Island",2009,0,12,0,1,0,0,1,0,0,NA,NA,"RI","1053646"
"639",639,"Rhode Island",2013,1,163,0,0,0,0,0,1,0,NA,NA,"RI","1055081"
"640",640,"Rhode Island",2017,0,232,0,0,0,0,0,1,0,NA,NA,"RI","1055673"
"641",641,"South Carolina",2012,84,370,0,3,2,0,1,1,0,37820000,7.5,"SC","4717354"
"642",642,"South Carolina",2008,72,169,0,5,4,0,1,1,0,19845000,4.59,"SC","4528996"
"643",643,"South Carolina",2020,49,878,0,2,2,0,0,0,0,48840000,4.36,"SC","5131848"
"644",644,"South Carolina",2010,101,165,0,5,4,0,1,1,0,28140000,5.49,"SC","4635649"
"645",645,"South Carolina",2022,60,1137,0,0,0,0,0,0,NA,NA,NA,"SC","5282634"
"646",646,"South Carolina",2011,100,246,0,5,4,0,1,1,0,21450000,6.6,"SC","4671994"
"647",647,"South Carolina",2019,53,803,0,2,2,0,0,0,0,37100000,4.64,"SC","5148714"
"648",648,"South Carolina",2017,64,642,0,2,2,0,0,1,0,44200000,4.4,"SC","5021268"
"649",649,"South Carolina",2007,55,159,4,5,4,0,1,1,0,35890000,3.88,"SC","4444110"
"650",650,"South Carolina",2009,87,142,0,5,4,0,1,1,0,35520000,3.86,"SC","4589872"
"651",651,"South Carolina",2021,46,999,0,0,0,0,0,0,NA,NA,NA,"SC","5193266"
"652",652,"South Carolina",2013,82,417,0,2,2,0,0,1,0,43215000,4.67,"SC","4764080"
"653",653,"South Carolina",2014,71,416,1,2,2,0,0,2,0,32760000,3.9,"SC","4823617"
"654",654,"South Carolina",2015,68,493,1,3,2,0,1,1,0,24180000,4.06,"SC","4891938"
"655",655,"South Carolina",2016,67,535,0,2,2,0,0,1,0,44450000,3.69,"SC","4957968"
"656",656,"South Carolina",2018,66,706,0,2,2,0,0,0,0,39370000,4.5,"SC","5084156"
"657",657,"South Dakota",2011,102,120,0,0,0,0,0,5,24250,653400000,6.03,"SD","823579"
"658",658,"South Dakota",2010,101,121,2,1,0,1,0,5,24545,569700000,5.09,"SD","816166"
"659",659,"South Dakota",2020,80,236,0,2,1,1,0,0,27664,720900000,4.37,"SD","887799"
"660",660,"South Dakota",2022,81,275,0,2,1,1,0,0,NA,NA,NA,"SD","909824"
"661",661,"South Dakota",2009,78,96,1,0,0,0,0,4,22218,706680000,3.23,"SD","807067"
"662",662,"South Dakota",2007,59,76,1,0,0,0,0,1,14163,542080000,4.17,"SD","791623"
"663",663,"South Dakota",2018,77,181,0,2,1,1,0,0,28987,777600000,3.38,"SD","878698"
"664",664,"South Dakota",2014,82,134,0,2,1,1,0,0,24945,787360000,3.34,"SD","849129"
"665",665,"South Dakota",2021,83,260,0,2,1,1,0,0,31042,734320000,6.11,"SD","896164"
"666",666,"South Dakota",2012,100,128,2,2,1,1,0,4,23403,535300000,6.72,"SD","833566"
"667",667,"South Dakota",2008,78,94,2,0,0,0,0,3,18995,585200000,3.78,"SD","799124"
"668",668,"South Dakota",2017,77,152,0,2,1,1,0,0,28199,736600000,3.09,"SD","872868"
"669",669,"South Dakota",2019,83,233,0,2,1,1,0,0,28809,557280000,3.32,"SD","884659"
"670",670,"South Dakota",2016,75,145,0,2,1,1,0,0,27026,825930000,3.09,"SD","862996"
"671",671,"South Dakota",2015,80,129,0,2,1,1,0,0,26658,799770000,3.3,"SD","853988"
"672",672,"South Dakota",2013,87,119,0,2,1,1,0,1,24398,802820000,4.05,"SD","842316"
"673",673,"Tennessee",2018,78,1343,0,1,0,1,0,0,4376,112560000,3.76,"TN","6771631"
"674",674,"Tennessee",2020,89,1525,0,0,0,0,0,0,NA,NA,NA,"TN","6925619"
"675",675,"Tennessee",2019,73,1381,0,0,0,0,0,0,NA,NA,NA,"TN","6829174"
"676",676,"Tennessee",2021,95,1830,0,0,0,0,0,0,NA,NA,NA,"TN","6968351"
"677",677,"Tennessee",2022,92,1848,0,0,0,0,0,0,NA,NA,NA,"TN","7051339"
"678",678,"Tennessee",2016,79,1216,0,1,0,1,0,0,4429,125330000,3.66,"TN","6646010"
"679",679,"Tennessee",2007,11,118,0,1,0,0,1,2,1605,83740000,3.8,"TN","6175727"
"680",680,"Tennessee",2011,44,294,0,1,0,1,0,3,4385,96285000,6.56,"TN","6399291"
"681",681,"Tennessee",2017,81,1271,0,1,0,1,0,0,4455,121410000,3.55,"TN","6708799"
"682",682,"Tennessee",2008,25,104,4,2,0,1,1,5,1962,74340000,4.53,"TN","6247411"
"683",683,"Tennessee",2012,43,908,0,1,0,1,0,3,4001,81600000,7.28,"TN","6453898"
"684",684,"Tennessee",2010,39,170,0,1,0,1,0,4,4119,74880000,4.74,"TN","6355311"
"685",685,"Tennessee",2014,66,1138,1,1,0,1,0,2,4184,141120000,3.81,"TN","6541223"
"686",686,"Tennessee",2009,29,114,0,2,0,1,1,5,4072,87320000,3.65,"TN","6306019"
"687",687,"Tennessee",2015,69,1086,0,1,0,1,0,2,4145,116800000,3.92,"TN","6591170"
"688",688,"Tennessee",2013,52,1073,0,0,0,0,0,2,4157,126360000,4.87,"TN","6494340"
"689",689,"Texas",2013,81,2231,0,1,0,0,1,1,4987,265200000,5.14,"TX","26480266"
"690",690,"Texas",2017,215,3573,0,0,0,0,0,1,8663,313600000,3.7,"TX","28295273"
"691",691,"Texas",2009,41,629,2,2,0,2,0,1,3985,243040000,4.01,"TX","24801761"
"692",692,"Texas",2008,35,593,1,2,0,2,0,0,4495,239540000,4.82,"TX","24309039"
"693",693,"Texas",2007,33,635,0,1,0,1,0,0,0,291560000,4.35,"TX","23831983"
"694",694,"Texas",2020,241,5624,1,1,0,1,0,0,5549,231680000,4.52,"TX","29232474"
"695",695,"Texas",2022,257,7047,0,1,0,1,0,0,NA,NA,NA,"TX","30029572"
"696",696,"Texas",2016,193,3290,0,0,0,0,0,1,8500,323850000,3.71,"TX","27914410"
"697",697,"Texas",2011,58,992,0,2,0,1,1,1,5722,133770000,6.61,"TX","25645629"
"698",698,"Texas",2012,80,1940,0,2,0,1,1,1,6737,199950000,7.12,"TX","26084481"
"699",699,"Texas",2019,232,4847,0,0,0,0,0,0,NA,NA,NA,"TX","28995881"
"700",700,"Texas",2010,48,646,1,2,0,1,1,1,4984,299520000,4.67,"TX","25241971"
"701",701,"Texas",2014,136,2541,0,1,0,0,1,1,7308,294520000,4.42,"TX","26964333"
"702",702,"Texas",2015,197,2864,0,0,0,0,0,1,8241,265950000,4.2,"TX","27470056"
"703",703,"Texas",2018,220,3968,0,0,0,0,0,1,8266,1.89e+08,4.13,"TX","28628666"
"704",704,"Texas",2021,269,6278,0,1,0,1,0,0,6974,236800000,6.18,"TX","29558864"
"705",705,"Utah",2013,3,200,0,0,0,0,0,0,NA,NA,NA,"UT","2897640"
"706",706,"Utah",2011,4,124,0,0,0,0,0,0,NA,NA,NA,"UT","2814384"
"707",707,"Utah",2007,4,93,0,0,0,0,0,0,NA,NA,NA,"UT","2597746"
"708",708,"Utah",2010,5,109,0,0,0,0,0,0,NA,NA,NA,"UT","2775332"
"709",709,"Utah",2016,1,446,0,0,0,0,0,1,0,5075000,3.87,"UT","3041868"
"710",710,"Utah",2015,3,417,1,0,0,0,0,1,0,2941000,4.68,"UT","2981835"
"711",711,"Utah",2012,4,191,0,0,0,0,0,0,NA,NA,NA,"UT","2853375"
"712",712,"Utah",2017,1,521,0,0,0,0,0,1,0,3520000,3.96,"UT","3101042"
"713",713,"Utah",2021,1,2059,0,0,0,0,0,0,NA,NA,NA,"UT","3339113"
"714",714,"Utah",2018,2,662,0,0,0,0,0,1,0,4004000,4.31,"UT","3153550"
"715",715,"Utah",2008,5,95,0,0,0,0,0,0,NA,NA,NA,"UT","2663029"
"716",716,"Utah",2020,2,1710,0,0,0,0,0,0,NA,NA,NA,"UT","3283785"
"717",717,"Utah",2014,3,270,0,0,0,0,0,0,NA,NA,NA,"UT","2936879"
"718",718,"Utah",2019,2,1044,0,0,0,0,0,1,0,3718000,4.3,"UT","3205958"
"719",719,"Utah",2009,5,92,0,0,0,0,0,0,NA,NA,NA,"UT","2723421"
"720",720,"Utah",2022,1,1938,0,0,0,0,0,0,NA,NA,NA,"UT","3380800"
"721",721,"Vermont",2014,1,129,0,1,1,0,0,2,0,NA,NA,"VT","625214"
"722",722,"Vermont",2017,0,442,1,1,1,0,0,2,0,NA,NA,"VT","624344"
"723",723,"Vermont",2009,0,10,1,0,0,0,0,1,0,NA,NA,"VT","624817"
"724",724,"Vermont",2020,0,803,0,0,0,0,0,1,0,NA,NA,"VT","642893"
"725",725,"Vermont",2008,0,11,0,0,0,0,0,0,NA,NA,NA,"VT","624151"
"726",726,"Vermont",2011,15,185,1,0,0,0,0,2,0,NA,NA,"VT","627049"
"727",727,"Vermont",2012,18,408,1,0,0,0,0,3,0,NA,NA,"VT","626090"
"728",728,"Vermont",2010,0,13,0,0,0,0,0,1,0,NA,NA,"VT","625879"
"729",729,"Vermont",2015,1,285,1,1,1,0,0,2,0,NA,NA,"VT","625216"
"730",730,"Vermont",2016,1,398,0,1,1,0,0,1,0,NA,NA,"VT","623657"
"731",731,"Vermont",2007,0,15,0,0,0,0,0,0,NA,NA,NA,"VT","623481"
"732",732,"Vermont",2022,0,901,0,0,0,0,0,0,NA,NA,NA,"VT","647064"
"733",733,"Vermont",2018,0,542,0,0,0,0,0,2,0,NA,NA,"VT","624358"
"734",734,"Vermont",2019,0,670,0,0,0,0,0,2,0,NA,NA,"VT","623989"
"735",735,"Vermont",2013,19,480,1,1,1,0,0,2,0,NA,NA,"VT","626210"
"736",736,"Vermont",2021,0,877,0,0,0,0,0,0,NA,NA,NA,"VT","646972"
"737",737,"Virginia",2022,72,3839,0,0,0,0,0,0,NA,NA,NA,"VA","8683619"
"738",738,"Virginia",2011,0,18,1,2,1,0,1,2,0,40120000,6.58,"VA","8101155"
"739",739,"Virginia",2016,22,1139,0,0,0,0,0,0,NA,NA,NA,"VA","8410106"
"740",740,"Virginia",2019,58,2238,0,0,0,0,0,0,NA,NA,NA,"VA","8535519"
"741",741,"Virginia",2013,1,60,0,2,1,0,1,3,0,55440000,4.8,"VA","8252427"
"742",742,"Virginia",2014,17,719,0,2,1,0,1,1,897,50750000,3.9,"VA","8310993"
"743",743,"Virginia",2020,61,2683,0,0,0,0,0,0,NA,NA,NA,"VA","8636471"
"744",744,"Virginia",2008,6,57,0,1,0,0,1,0,0,36720000,4.51,"VA","7833496"
"745",745,"Virginia",2009,9,79,0,1,0,0,1,0,0,43230000,3.66,"VA","7925937"
"746",746,"Virginia",2021,64,3482,0,0,0,0,0,0,NA,NA,NA,"VA","8657365"
"747",747,"Virginia",2007,5,54,0,1,0,0,1,0,0,34830000,4.39,"VA","7751000"
"748",748,"Virginia",2017,31,1261,0,0,0,0,0,0,NA,NA,NA,"VA","8463587"
"749",749,"Virginia",2015,18,892,0,0,0,0,0,0,NA,NA,NA,"VA","8361808"
"750",750,"Virginia",2018,47,1613,0,0,0,0,0,0,NA,NA,NA,"VA","8501286"
"751",751,"Virginia",2012,1,37,1,2,1,0,1,3,0,36050000,7.3,"VA","8185080"
"752",752,"Virginia",2010,11,78,2,1,0,0,1,2,0,20770000,5.54,"VA","8023699"
"753",753,"Washington",2008,14,123,1,2,1,0,1,2,0,18450000,4.56,"WA","6562231"
"754",754,"Washington",2014,21,1632,0,5,1,0,4,2,0,23650000,4.9,"WA","7054655"
"755",755,"Washington",2018,20,2741,0,1,0,0,1,1,0,18700000,4.11,"WA","7523869"
"756",756,"Washington",2017,19,2320,0,1,0,0,1,1,0,1.8e+07,4.05,"WA","7423362"
"757",757,"Washington",2009,15,144,2,3,1,0,2,3,0,22575000,4.59,"WA","6667426"
"758",758,"Washington",2012,20,1221,1,5,1,0,4,3,0,24725000,6.69,"WA","6897058"
"759",759,"Washington",2011,19,571,1,5,1,0,4,2,0,28125000,6.22,"WA","6826627"
"760",760,"Washington",2021,14,4471,0,0,0,0,0,0,NA,NA,NA,"WA","7740745"
"761",761,"Washington",2010,15,142,1,4,1,0,3,3,0,25625000,6.08,"WA","6742830"
"762",762,"Washington",2020,16,3932,0,0,0,0,0,0,NA,NA,NA,"WA","7724031"
"763",763,"Washington",2022,12,4654,0,0,0,0,0,0,NA,NA,NA,"WA","7785786"
"764",764,"Washington",2015,21,1756,0,4,1,0,3,2,0,16125000,4.3,"WA","7163657"
"765",765,"Washington",2013,24,1476,0,5,1,0,4,2,0,22575000,5.29,"WA","6963985"
"766",766,"Washington",2007,7,112,2,2,1,0,1,1,0,24150000,4.5,"WA","6461587"
"767",767,"Washington",2019,20,3371,0,0,0,0,0,0,NA,NA,NA,"WA","7614893"
"768",768,"Washington",2016,21,2013,1,1,0,0,1,2,0,19975000,4.71,"WA","7294771"
"769",769,"West Virginia",2016,11,126,0,0,0,0,0,0,NA,NA,NA,"WV","1831023"
"770",770,"West Virginia",2008,3,10,0,0,0,0,0,0,NA,NA,NA,"WV","1840310"
"771",771,"West Virginia",2007,3,12,0,0,0,0,0,0,NA,NA,NA,"WV","1834052"
"772",772,"West Virginia",2013,115,430,0,0,0,0,0,0,NA,NA,NA,"WV","1853914"
"773",773,"West Virginia",2015,9,98,0,0,0,0,0,0,NA,NA,NA,"WV","1842050"
"774",774,"West Virginia",2010,3,14,1,0,0,0,0,1,0,2610000,5.75,"WV","1854239"
"775",775,"West Virginia",2011,140,267,0,0,0,0,0,1,0,3534000,6.5,"WV","1856301"
"776",776,"West Virginia",2017,33,247,0,0,0,0,0,0,NA,NA,NA,"WV","1817004"
"777",777,"West Virginia",2018,33,260,1,0,0,0,0,1,0,5016000,4.08,"WV","1804291"
"778",778,"West Virginia",2019,34,295,0,0,0,0,0,1,0,6270000,4.1,"WV","1792147"
"779",779,"West Virginia",2020,37,311,0,0,0,0,0,1,0,5472000,4.7,"WV","1791420"
"780",780,"West Virginia",2012,126,398,0,0,0,0,0,1,0,4480000,7.2,"WV","1856872"
"781",781,"West Virginia",2009,3,13,0,0,0,0,0,0,NA,NA,NA,"WV","1847775"
"782",782,"West Virginia",2022,38,444,0,0,0,0,0,1,NA,NA,NA,"WV","1775156"
"783",783,"West Virginia",2021,38,365,0,0,0,0,0,1,0,5472000,6.1,"WV","1785526"
"784",784,"West Virginia",2014,9,127,0,0,0,0,0,0,NA,NA,NA,"WV","1849489"
"785",785,"Wisconsin",2009,127,191,0,1,1,0,0,5,11000,448290000,3.57,"WI","5669264"
"786",786,"Wisconsin",2019,227,1059,0,0,0,0,0,0,NA,NA,NA,"WI","5822434"
"787",787,"Wisconsin",2013,4,63,0,1,1,0,0,1,11751,439350000,4.38,"WI","5736754"
"788",788,"Wisconsin",2012,4,52,0,1,1,0,0,2,11956,3.96e+08,6.69,"WI","5719960"
"789",789,"Wisconsin",2016,151,734,0,0,0,0,0,1,13827,573160000,3.28,"WI","5772628"
"790",790,"Wisconsin",2020,256,1202,0,1,0,1,0,0,10990,506890000,4.44,"WI","5896271"
"791",791,"Wisconsin",2008,113,173,2,1,1,0,0,5,10652,394560000,3.89,"WI","5640996"
"792",792,"Wisconsin",2007,84,152,1,1,1,0,0,4,6759,442800000,4.11,"WI","5610775"
"793",793,"Wisconsin",2021,261,1310,1,1,0,1,0,0,12600,5.4e+08,6,"WI","5880101"
"794",794,"Wisconsin",2017,157,790,0,0,0,0,0,1,14333,509820000,3.3,"WI","5790186"
"795",795,"Wisconsin",2010,132,203,2,1,1,0,0,7,11629,502200000,5.27,"WI","5690475"
"796",796,"Wisconsin",2011,3,20,0,1,1,0,0,4,12354,514600000,6.02,"WI","5705288"
"797",797,"Wisconsin",2014,136,561,0,0,0,0,0,1,13035,485160000,3.67,"WI","5751525"
"798",798,"Wisconsin",2015,156,670,0,0,0,0,0,1,13460,4.92e+08,3.46,"WI","5760940"
"799",799,"Wisconsin",2022,257,1461,0,0,0,0,0,0,NA,NA,NA,"WI","5892539"
"800",800,"Wisconsin",2018,212,900,0,0,0,0,0,1,15113,545240000,3.52,"WI","5807406"
"801",801,"Wyoming",2011,5,48,1,0,0,0,0,1,269,9100000,6.2,"WY","567299"
"802",802,"Wyoming",2010,6,52,0,0,0,0,0,0,NA,NA,NA,"WY","564487"
"803",803,"Wyoming",2015,11,98,0,0,0,0,0,1,209,9381000,3.44,"WY","585613"
"804",804,"Wyoming",2016,10,129,1,1,0,1,0,0,0,10143000,3.39,"WY","584215"
"805",805,"Wyoming",2017,12,149,0,1,0,1,0,0,0,9765000,3.35,"WY","578931"
"806",806,"Wyoming",2014,10,69,0,0,0,0,0,1,303,8280000,3.8,"WY","582531"
"807",807,"Wyoming",2020,10,213,0,1,0,1,0,0,0,6588000,3.95,"WY","577605"
"808",808,"Wyoming",2021,9,222,0,1,0,1,0,0,0,10428000,6,"WY","579483"
"809",809,"Wyoming",2022,8,246,0,1,0,1,0,0,NA,NA,NA,"WY","581381"
"810",810,"Wyoming",2019,11,203,1,1,0,1,0,0,0,8241000,3.45,"WY","578759"
"811",811,"Wyoming",2007,5,58,0,1,1,0,0,0,120,7740000,3.12,"WY","534876"
"812",812,"Wyoming",2008,6,55,0,1,1,0,0,0,150,6968000,4.25,"WY","546043"
"813",813,"Wyoming",2009,6,51,0,1,1,0,0,0,155,6300000,4.06,"WY","559851"
"814",814,"Wyoming",2018,12,179,0,0,0,0,0,0,NA,NA,NA,"WY","577601"
"815",815,"Wyoming",2012,9,53,0,0,0,0,0,1,314,8520000,7.05,"WY","576305"
"816",816,"Wyoming",2013,9,52,0,0,0,0,0,1,317,8509000,4.08,"WY","582122"
