"","X.1","X","state_abb","year","state","e85","total","ratio_e85","enacted","incentives","tax_incentives","grant_incentives","other_incentives","regulations","eth.production","corn.production","corn.prices","missing_eth","missing_corn_prod","missing_corn_prices","population"
"1",1,17,"AL",2007,"Alabama",3,71,4.22535211267606,1,0,0,0,0,1,0,21840000,4.54,0,0,0,"4672840"
"2",2,18,"AL",2008,"Alabama",6,60,10,1,1,0,0,1,1,0,24440000,5.26,0,0,0,"4718206"
"3",3,19,"AL",2009,"Alabama",16,191,8.37696335078534,2,2,1,0,1,2,0,2.7e+07,3.89,0,0,0,"4757938"
"4",4,20,"AL",2010,"Alabama",15,153,9.80392156862745,0,2,1,0,1,2,0,28750000,5.07,0,0,0,"4785437"
"5",5,21,"AL",2011,"Alabama",20,148,13.5135135135135,0,2,1,0,1,2,0,28500000,6.32,0,0,0,"4799069"
"6",6,22,"AL",2012,"Alabama",28,198,14.1414141414141,0,2,1,0,1,2,0,28910000,7.18,0,0,0,"4815588"
"7",7,23,"AL",2013,"Alabama",29,10,290,0,1,1,0,0,1,0,43365000,4.71,0,0,0,"4830081"
"8",8,24,"AL",2014,"Alabama",32,259,12.3552123552124,0,1,1,0,0,1,0,45315000,3.75,0,0,0,"4841799"
"9",9,25,"AL",2015,"Alabama",31,375,8.26666666666667,0,1,1,0,0,1,0,36015000,3.74,0,0,0,"4852347"
"10",10,26,"AL",2016,"Alabama",32,390,8.2051282051282,0,0,0,0,0,1,0,37800000,3.63,0,0,0,"4863525"
"11",11,27,"AL",2017,"Alabama",39,489,7.97546012269939,0,0,0,0,0,1,0,39245000,4.04,0,0,0,"4874486"
"12",12,28,"AL",2018,"Alabama",40,558,7.16845878136201,0,0,0,0,0,0,0,38220000,4.11,0,0,0,"4887681"
"13",13,29,"AL",2019,"Alabama",34,651,5.22273425499232,0,0,0,0,0,0,0,44835000,3.99,0,0,0,"4903185"
"14",14,30,"AL",2020,"Alabama",29,736,3.94021739130435,0,0,0,0,0,0,0,50560000,5.14,0,0,0,"5031362"
"15",15,31,"AL",2021,"Alabama",33,823,4.0097205346294,0,0,0,0,0,0,0,55420000,5.91,0,0,0,"5049846"
"16",17,1,"AK",2007,"Alaska",0,11,0,1,0,0,0,0,1,0,0,4.69764227642276,0,1,1,"680300"
"17",18,2,"AK",2008,"Alaska",0,11,0,0,0,0,0,0,1,0,0,4.69764227642276,0,1,1,"687455"
"18",19,3,"AK",2009,"Alaska",0,11,0,0,0,0,0,0,1,0,0,4.69764227642276,0,1,1,"698895"
"19",20,4,"AK",2010,"Alaska",0,11,0,0,0,0,0,0,1,0,0,4.69764227642276,0,1,1,"713910"
"20",21,5,"AK",2011,"Alaska",0,9,0,0,0,0,0,0,1,0,0,4.69764227642276,0,1,1,"722128"
"21",22,6,"AK",2012,"Alaska",0,12,0,0,0,0,0,0,0,0,0,4.69764227642276,0,1,1,"730443"
"22",23,7,"AK",2013,"Alaska",0,225,0,0,0,0,0,0,0,0,0,4.69764227642276,0,1,1,"737068"
"23",24,8,"AK",2014,"Alaska",0,8,0,0,0,0,0,0,0,0,0,4.69764227642276,0,1,1,"736283"
"24",25,9,"AK",2015,"Alaska",0,11,0,0,0,0,0,0,0,0,0,4.69764227642276,0,1,1,"737498"
"25",26,10,"AK",2016,"Alaska",0,13,0,0,0,0,0,0,0,0,0,4.69764227642276,0,1,1,"741456"
"26",27,11,"AK",2017,"Alaska",0,19,0,0,0,0,0,0,0,0,0,4.69764227642276,0,1,1,"739700"
"27",28,12,"AK",2018,"Alaska",0,18,0,0,0,0,0,0,0,0,0,4.69764227642276,0,1,1,"735139"
"28",29,13,"AK",2019,"Alaska",0,40,0,0,0,0,0,0,0,0,0,4.69764227642276,0,1,1,"731545"
"29",30,14,"AK",2020,"Alaska",0,49,0,0,0,0,0,0,0,0,0,4.69764227642276,0,1,1,"732923"
"30",31,15,"AK",2021,"Alaska",0,97,0,0,0,0,0,0,0,0,0,4.69764227642276,0,1,1,"734182"
"31",33,49,"AZ",2007,"Arizona",13,134,9.70149253731343,0,0,0,0,0,0,659,4070000,5.03,0,0,0,"6167681"
"32",34,50,"AZ",2008,"Arizona",23,135,17.037037037037,1,1,0,1,0,0,1290,2475000,5.8,0,0,0,"6280362"
"33",35,51,"AZ",2009,"Arizona",26,143,18.1818181818182,0,1,0,1,0,0,1308,3500000,4.14,0,0,0,"6343154"
"34",36,52,"AZ",2010,"Arizona",32,157,20.3821656050955,1,1,0,1,0,1,1176,4620000,5.8,0,0,0,"6407172"
"35",37,53,"AZ",2011,"Arizona",33,189,17.4603174603175,0,1,0,1,0,1,1144,6230000,6.78,0,0,0,"6472643"
"36",38,54,"AZ",2012,"Arizona",32,682,4.69208211143695,1,1,0,1,0,2,807,6240000,7.84,0,0,0,"6554978"
"37",39,55,"AZ",2013,"Arizona",31,120,25.8333333333333,0,1,0,1,0,2,0,9027000,5.89,0,0,0,"6632764"
"38",40,56,"AZ",2014,"Arizona",30,999,3.003003003003,0,1,0,1,0,2,1057,5880000,5.36,0,0,0,"6730413"
"39",41,57,"AZ",2015,"Arizona",30,1059,2.8328611898017,0,0,0,0,0,2,1154,7560000,4.98,0,0,0,"6829676"
"40",42,58,"AZ",2016,"Arizona",25,1254,1.99362041467305,0,0,0,0,0,2,1078,10750000,4.73,0,0,0,"6941072"
"41",43,59,"AZ",2017,"Arizona",21,1290,1.62790697674419,0,0,0,0,0,1,1155,6240000,4.55,0,0,0,"7044008"
"42",44,60,"AZ",2018,"Arizona",22,1447,1.52038700760194,0,0,0,0,0,1,1184,4400000,4.96,0,0,0,"7158024"
"43",45,61,"AZ",2019,"Arizona",22,1690,1.30177514792899,0,0,0,0,0,1,531,8547000,5.4,0,0,0,"7278717"
"44",46,62,"AZ",2020,"Arizona",20,1989,1.00553041729512,0,0,0,0,0,1,0,5858000,5.4,0,0,0,"7179943"
"45",47,63,"AZ",2021,"Arizona",19,2457,0.773300773300773,0,0,0,0,0,1,0,3258000,7.65,0,0,0,"7264877"
"46",49,33,"AR",2007,"Arkansas",4,51,7.84313725490196,0,1,0,0,1,0,0,99710000,3.8,0,0,0,"2848650"
"47",50,34,"AR",2008,"Arkansas",7,49,14.2857142857143,0,0,0,0,0,0,0,65360000,4.42,0,0,0,"2874554"
"48",51,35,"AR",2009,"Arkansas",10,63,15.8730158730159,1,1,0,0,1,0,0,60680000,3.79,0,0,0,"2896843"
"49",52,36,"AR",2010,"Arkansas",13,75,17.3333333333333,0,1,0,0,1,0,0,5.7e+07,4.55,0,0,0,"2921964"
"50",53,37,"AR",2011,"Arkansas",20,91,21.978021978022,0,1,0,0,1,0,0,73320000,6.27,0,0,0,"2940667"
"51",54,38,"AR",2012,"Arkansas",33,122,27.0491803278689,1,1,0,0,1,1,0,123710000,6.81,0,0,0,"2952164"
"52",55,39,"AR",2013,"Arkansas",30,921,3.25732899022801,0,1,0,0,1,1,0,161820000,5.12,0,0,0,"2959400"
"53",56,40,"AR",2014,"Arkansas",43,155,27.741935483871,0,1,0,0,1,1,0,99110000,4.13,0,0,0,"2967392"
"54",57,41,"AR",2015,"Arkansas",47,182,25.8241758241758,0,1,0,0,1,1,0,80545000,4.11,0,0,0,"2978048"
"55",58,42,"AR",2016,"Arkansas",44,203,21.6748768472906,0,0,0,0,0,1,0,127395000,3.69,0,0,0,"2989918"
"56",59,43,"AR",2017,"Arkansas",43,217,19.815668202765,0,0,0,0,0,0,0,108885000,3.64,0,0,0,"3001345"
"57",60,44,"AR",2018,"Arkansas",43,224,19.1964285714286,0,0,0,0,0,0,0,116745000,3.8,0,0,0,"3009733"
"58",61,45,"AR",2019,"Arkansas",47,394,11.9289340101523,0,0,0,0,0,0,0,128625000,3.86,0,0,0,"3017804"
"59",62,46,"AR",2020,"Arkansas",50,455,10.989010989011,0,0,0,0,0,0,0,111320000,4.49,0,0,0,"3014195"
"60",63,47,"AR",2021,"Arkansas",70,590,11.864406779661,0,0,0,0,0,0,0,152720000,5.95,0,0,0,"3028122"
"61",65,65,"CA",2007,"California",6,856,0.700934579439252,0,1,0,0,1,1,2128,34580000,4.28,0,0,0,"36250311"
"62",66,66,"CA",2008,"California",13,862,1.50812064965197,0,1,0,0,1,1,2270,33150000,4.77,0,0,0,"36604337"
"63",67,67,"CA",2009,"California",45,937,4.8025613660619,0,1,0,0,1,1,1178,28800000,4.28,0,0,0,"36961229"
"64",68,68,"CA",2010,"California",54,1011,5.34124629080119,0,0,0,0,0,1,1443,34560000,5.08,0,0,0,"37319502"
"65",69,69,"CA",2011,"California",58,2006,2.8913260219342,0,0,0,0,0,0,3674,27150000,6.41,0,0,0,"37638369"
"66",70,70,"CA",2012,"California",71,4261,1.66627552217789,0,0,0,0,0,0,3564,32400000,6.68,0,0,0,"37948800"
"67",71,71,"CA",2013,"California",88,5903,1.49076740640352,0,0,0,0,0,0,3533,34380000,5.33,0,0,0,"38260787"
"68",72,72,"CA",2014,"California",94,7758,1.21165248775458,1,0,0,0,0,1,4514,15675000,4.81,0,0,0,"38596972"
"69",73,73,"CA",2015,"California",107,11242,0.951787938089308,1,1,0,0,1,1,4650,9420000,4.39,0,0,0,"38918045"
"70",74,74,"CA",2016,"California",119,14969,0.79497628432093,1,1,0,0,1,2,4717,18500000,4.69,0,0,0,"39167117"
"71",75,75,"CA",2017,"California",147,17426,0.843567083668082,0,1,0,0,1,2,5051,13360000,4.2,0,0,0,"39358497"
"72",76,76,"CA",2018,"California",161,22010,0.731485688323489,0,1,0,0,1,2,5170,11245000,4.4,0,0,0,"39461588"
"73",77,77,"CA",2019,"California",195,28038,0.695484699336615,0,0,0,0,0,1,4632,10080000,4.6,0,0,0,"39512223"
"74",78,78,"CA",2020,"California",198,35527,0.557322599712894,0,0,0,0,0,1,2710,11220000,4.75,0,0,0,"39501653"
"75",79,79,"CA",2021,"California",264,42193,0.625696205531723,0,0,0,0,0,1,2293,9400000,7.3,0,0,0,"39142991"
"76",81,81,"CO",2007,"Colorado",45,157,28.6624203821656,3,2,1,1,0,1,2196,148400000,3.96,0,0,0,"4803868"
"77",82,82,"CO",2008,"Colorado",65,144,45.1388888888889,1,2,1,1,0,2,2932,138370000,4.14,0,0,0,"4889730"
"78",83,83,"CO",2009,"Colorado",80,168,47.6190476190476,0,2,1,1,0,2,2974,151470000,3.68,0,0,0,"4972195"
"79",84,84,"CO",2010,"Colorado",86,179,48.0446927374302,0,2,1,1,0,2,3362,182710000,4.98,0,0,0,"5047349"
"80",85,85,"CO",2011,"Colorado",83,213,38.9671361502347,0,2,1,1,0,1,3424,172900000,6.15,0,0,0,"5121108"
"81",86,86,"CO",2012,"Colorado",84,407,20.6388206388206,0,1,0,1,0,1,3409,134330000,6.86,0,0,0,"5192647"
"82",87,87,"CO",2013,"Colorado",85,449,18.9309576837416,0,1,0,1,0,0,3447,128380000,4.61,0,0,0,"5269035"
"83",88,88,"CO",2014,"Colorado",86,647,13.2921174652241,1,2,0,2,0,0,3324,147460000,3.95,0,0,0,"5350101"
"84",89,89,"CO",2015,"Colorado",89,921,9.66340933767644,0,2,0,2,0,0,3479,134900000,3.69,0,0,0,"5450623"
"85",90,90,"CO",2016,"Colorado",88,1201,7.32722731057452,2,1,0,1,0,2,3413,160290000,3.42,0,0,0,"5539215"
"86",91,91,"CO",2017,"Colorado",91,1590,5.72327044025157,0,1,0,1,0,2,3477,185900000,3.37,0,0,0,"5611885"
"87",92,92,"CO",2018,"Colorado",81,1986,4.0785498489426,0,1,0,1,0,2,3457,154700000,3.7,0,0,0,"5691287"
"88",93,93,"CO",2019,"Colorado",84,2697,3.11457174638487,0,0,0,0,0,2,3287,159900000,3.68,0,0,0,"5758736"
"89",94,94,"CO",2020,"Colorado",88,3417,2.5753585016096,0,0,0,0,0,1,3212,122960000,4.62,0,0,0,"5784865"
"90",95,95,"CO",2021,"Colorado",96,4163,2.30602930578909,0,0,0,0,0,0,3382,148350000,6.08,0,0,0,"5811297"
"91",97,97,"CT",2007,"Connecticut",2,32,6.25,0,0,0,0,0,0,0,0,4.69764227642276,0,1,1,"3527270"
"92",98,98,"CT",2008,"Connecticut",4,31,12.9032258064516,0,0,0,0,0,0,0,0,4.69764227642276,0,1,1,"3545579"
"93",99,99,"CT",2009,"Connecticut",4,31,12.9032258064516,0,0,0,0,0,0,0,0,4.69764227642276,0,1,1,"3561807"
"94",100,100,"CT",2010,"Connecticut",1,37,2.7027027027027,1,1,0,1,0,0,0,0,4.69764227642276,0,1,1,"3579114"
"95",101,101,"CT",2011,"Connecticut",0,75,0,0,1,0,1,0,0,0,0,4.69764227642276,0,1,1,"3588283"
"96",102,102,"CT",2012,"Connecticut",1,187,0.53475935828877,0,1,0,1,0,0,0,0,4.69764227642276,0,1,1,"3594547"
"97",103,103,"CT",2013,"Connecticut",1,254,0.393700787401575,0,1,0,1,0,0,0,0,4.69764227642276,0,1,1,"3594841"
"98",104,104,"CT",2014,"Connecticut",3,399,0.75187969924812,0,1,0,1,0,0,0,0,4.69764227642276,0,1,1,"3594524"
"99",105,105,"CT",2015,"Connecticut",4,542,0.738007380073801,0,1,0,1,0,0,0,0,4.69764227642276,0,1,1,"3587122"
"100",106,106,"CT",2016,"Connecticut",4,774,0.516795865633075,0,1,0,1,0,0,0,0,4.69764227642276,0,1,1,"3578141"
"101",107,107,"CT",2017,"Connecticut",4,838,0.477326968973747,0,1,0,1,0,0,0,0,4.69764227642276,0,1,1,"3573297"
"102",108,108,"CT",2018,"Connecticut",4,889,0.449943757030371,0,1,0,1,0,0,0,0,4.69764227642276,0,1,1,"3571520"
"103",109,109,"CT",2019,"Connecticut",3,1093,0.274473924977127,0,1,0,1,0,0,0,0,4.69764227642276,0,1,1,"3565287"
"104",110,110,"CT",2020,"Connecticut",3,1283,0.233826968043648,0,1,0,1,0,0,0,0,4.69764227642276,0,1,1,"3597362"
"105",111,111,"CT",2021,"Connecticut",3,1472,0.203804347826087,0,1,0,1,0,0,0,0,4.69764227642276,0,1,1,"3623355"
"106",113,129,"DE",2007,"Delaware",1,8,12.5,0,0,0,0,0,0,0,18315000,4.76,0,0,0,"871749"
"107",114,130,"DE",2008,"Delaware",1,7,14.2857142857143,0,0,0,0,0,0,0,1.9e+07,4.57,0,0,0,"883874"
"108",115,131,"DE",2009,"Delaware",1,7,14.2857142857143,0,0,0,0,0,0,0,23635000,3.8,0,0,0,"891730"
"109",116,132,"DE",2010,"Delaware",1,8,12.5,1,0,0,0,0,1,0,19722000,6.21,0,0,0,"899593"
"110",117,133,"DE",2011,"Delaware",1,6,16.6666666666667,0,0,0,0,0,1,0,23660000,6.93,0,0,0,"907381"
"111",118,134,"DE",2012,"Delaware",1,20,5,0,0,0,0,0,1,0,24030000,7.55,0,0,0,"915179"
"112",119,135,"DE",2013,"Delaware",1,27,3.7037037037037,0,0,0,0,0,1,0,28884000,4.94,0,0,0,"923576"
"113",120,136,"DE",2014,"Delaware",1,37,2.7027027027027,0,0,0,0,0,1,0,33600000,3.83,0,0,0,"932487"
"114",121,137,"DE",2015,"Delaware",1,67,1.49253731343284,0,0,0,0,0,0,0,31488000,3.88,0,0,0,"941252"
"115",122,138,"DE",2016,"Delaware",1,80,1.25,0,0,0,0,0,0,0,27880000,4.09,0,0,0,"948921"
"116",123,139,"DE",2017,"Delaware",1,115,0.869565217391304,0,0,0,0,0,0,0,32319000,4.02,0,0,0,"956823"
"117",124,140,"DE",2018,"Delaware",1,145,0.689655172413793,0,0,0,0,0,0,0,24070000,4.11,0,0,0,"965479"
"118",125,141,"DE",2019,"Delaware",1,186,0.537634408602151,0,0,0,0,0,0,0,28980000,4.3,0,0,0,"973764"
"119",126,142,"DE",2020,"Delaware",1,220,0.454545454545455,0,0,0,0,0,0,0,28160000,5.6,0,0,0,"992114"
"120",127,143,"DE",2021,"Delaware",1,327,0.305810397553517,0,0,0,0,0,0,0,31648000,6.55,0,0,0,"1004807"
"121",129,113,"DC",2007,"District of Columbia",3,6,50,0,0,0,0,0,0,0,0,4.69764227642276,0,1,1,"574404"
"122",130,114,"DC",2008,"District of Columbia",3,6,50,0,0,0,0,0,0,0,0,4.69764227642276,0,1,1,"580236"
"123",131,115,"DC",2009,"District of Columbia",3,7,42.8571428571429,0,0,0,0,0,0,0,0,4.69764227642276,0,1,1,"592228"
"124",132,116,"DC",2010,"District of Columbia",3,8,37.5,0,0,0,0,0,0,0,0,4.69764227642276,0,1,1,"605226"
"125",133,117,"DC",2011,"District of Columbia",3,58,5.17241379310345,0,0,0,0,0,0,0,0,4.69764227642276,0,1,1,"619800"
"126",134,118,"DC",2012,"District of Columbia",3,112,2.67857142857143,0,0,0,0,0,0,0,0,4.69764227642276,0,1,1,"634924"
"127",135,119,"DC",2013,"District of Columbia",3,74,4.05405405405405,0,0,0,0,0,0,0,0,4.69764227642276,0,1,1,"650581"
"128",136,120,"DC",2014,"District of Columbia",3,146,2.05479452054794,0,0,0,0,0,0,0,0,4.69764227642276,0,1,1,"662328"
"129",137,121,"DC",2015,"District of Columbia",3,246,1.21951219512195,0,0,0,0,0,0,0,0,4.69764227642276,0,1,1,"675400"
"130",138,122,"DC",2016,"District of Columbia",4,258,1.55038759689922,0,0,0,0,0,0,0,0,4.69764227642276,0,1,1,"685815"
"131",139,123,"DC",2017,"District of Columbia",3,272,1.10294117647059,0,0,0,0,0,0,0,0,4.69764227642276,0,1,1,"694906"
"132",140,124,"DC",2018,"District of Columbia",3,346,0.867052023121387,0,0,0,0,0,0,0,0,4.69764227642276,0,1,1,"701547"
"133",141,125,"DC",2019,"District of Columbia",3,566,0.530035335689046,1,0,0,0,0,1,0,0,4.69764227642276,0,1,1,"705749"
"134",142,126,"DC",2020,"District of Columbia",3,713,0.420757363253857,0,0,0,0,0,1,0,0,4.69764227642276,0,1,1,"670868"
"135",143,127,"DC",2021,"District of Columbia",4,842,0.475059382422803,0,0,0,0,0,0,0,0,4.69764227642276,0,1,1,"668791"
"136",145,145,"FL",2007,"Florida",11,94,11.7021276595745,0,1,0,0,1,0,0,3150000,4,0,0,0,"18367842"
"137",146,146,"FL",2008,"Florida",18,97,18.5567010309278,3,1,0,0,1,3,0,3850000,4.5,0,0,0,"18527305"
"138",147,147,"FL",2009,"Florida",30,125,24,2,1,0,0,1,5,0,3589000,4,0,0,0,"18652644"
"139",148,148,"FL",2010,"Florida",42,154,27.2727272727273,0,1,0,0,1,5,0,2725000,4.7,0,0,0,"18845537"
"140",149,149,"FL",2011,"Florida",62,520,11.9230769230769,0,0,0,0,0,5,0,3432000,6.65,0,0,0,"19053237"
"141",150,150,"FL",2012,"Florida",51,1024,4.98046875,1,1,1,0,0,3,0,4600000,7.5,0,0,0,"19297822"
"142",151,151,"FL",2013,"Florida",54,1165,4.63519313304721,0,1,1,0,0,3,0,10374000,4.51,0,0,0,"19545621"
"143",152,152,"FL",2014,"Florida",62,1446,4.28769017980636,0,1,1,0,0,0,0,5400000,3.65,0,0,0,"19845911"
"144",153,153,"FL",2015,"Florida",74,2006,3.6889332003988,1,2,1,1,0,0,0,7050000,3.8,0,0,0,"20209042"
"145",154,154,"FL",2016,"Florida",74,2429,3.0465212021408,0,2,1,1,0,0,0,5800000,3.93,0,0,0,"20613477"
"146",155,155,"FL",2017,"Florida",82,2802,2.92648108493933,0,1,0,1,0,0,0,5957000,4.47,0,0,0,"20963613"
"147",156,156,"FL",2018,"Florida",88,3330,2.64264264264264,0,1,0,1,0,0,0,9734000,4.47,0,0,0,"21244317"
"148",157,157,"FL",2019,"Florida",88,4858,1.81144503911075,0,1,0,1,0,0,0,8694000,4.39,0,0,0,"21477737"
"149",158,158,"FL",2020,"Florida",94,5794,1.62236796686227,0,0,0,0,0,0,0,8418000,5.67,0,0,0,"21589602"
"150",159,159,"FL",2021,"Florida",111,7039,1.57692854098594,0,0,0,0,0,0,0,11616000,6.02,0,0,0,"21828069"
"151",161,161,"GA",2007,"Georgia",11,96,11.4583333333333,2,2,0,1,1,1,10,57150000,4.5,0,0,0,"9349988"
"152",162,162,"GA",2008,"Georgia",28,111,25.2252252252252,0,2,0,1,1,1,596,43400000,4.5,0,0,0,"9504843"
"153",163,163,"GA",2009,"Georgia",37,122,30.327868852459,0,2,0,1,1,1,2388,51800000,4.1,0,0,0,"9620846"
"154",164,164,"GA",2010,"Georgia",41,133,30.8270676691729,0,1,0,0,1,1,2329,35770000,5.95,0,0,0,"9711881"
"155",165,165,"GA",2011,"Georgia",51,194,26.2886597938144,1,2,0,0,2,1,1875,42930000,7.3,0,0,0,"9802431"
"156",166,166,"GA",2012,"Georgia",59,347,17.0028818443804,0,2,0,0,2,1,1423,55800000,7.9,0,0,0,"9901430"
"157",167,167,"GA",2013,"Georgia",61,539,11.317254174397,0,1,0,0,1,1,1347,81375000,5.17,0,0,0,"9972479"
"158",168,168,"GA",2014,"Georgia",52,836,6.2200956937799,0,1,0,0,1,1,2137,52700000,4.17,0,0,0,"10067278"
"159",169,169,"GA",2015,"Georgia",58,1372,4.22740524781341,1,2,1,0,1,0,2334,48735000,3.9,0,0,0,"10178447"
"160",170,170,"GA",2016,"Georgia",56,1736,3.2258064516129,0,0,0,0,0,0,2700,56100000,3.88,0,0,0,"10301890"
"161",171,171,"GA",2017,"Georgia",53,2120,2.5,0,0,0,0,0,0,2530,43120000,4.33,0,0,0,"10410330"
"162",172,172,"GA",2018,"Georgia",54,2406,2.24438902743142,0,0,0,0,0,0,2413,50160000,4.35,0,0,0,"10511131"
"163",173,173,"GA",2019,"Georgia",52,3140,1.65605095541401,1,0,0,0,0,1,2792,5.6e+07,4.53,0,0,0,"10617423"
"164",174,174,"GA",2020,"Georgia",66,3861,1.70940170940171,0,0,0,0,0,0,1169,70200000,5.08,0,0,0,"10729828"
"165",175,175,"GA",2021,"Georgia",67,4142,1.61757605021729,0,0,0,0,0,0,0,80990000,5.76,0,0,0,"10788029"
"166",177,177,"HI",2007,"Hawaii",0,16,0,2,2,2,0,0,3,0,0,4.69764227642276,0,1,1,"1315675"
"167",178,178,"HI",2008,"Hawaii",0,15,0,1,2,2,0,0,4,0,0,4.69764227642276,0,1,1,"1332213"
"168",179,179,"HI",2009,"Hawaii",0,12,0,0,2,2,0,0,4,0,0,4.69764227642276,0,1,1,"1346717"
"169",180,180,"HI",2010,"Hawaii",1,17,5.88235294117647,1,2,2,0,0,2,0,0,4.69764227642276,0,1,1,"1363963"
"170",181,181,"HI",2011,"Hawaii",1,73,1.36986301369863,0,2,2,0,0,2,0,0,4.69764227642276,0,1,1,"1379329"
"171",182,182,"HI",2012,"Hawaii",3,333,0.900900900900901,1,1,1,0,0,3,0,0,4.69764227642276,0,1,1,"1394804"
"172",183,183,"HI",2013,"Hawaii",3,370,0.810810810810811,0,1,1,0,0,3,0,0,4.69764227642276,0,1,1,"1408243"
"173",184,184,"HI",2014,"Hawaii",3,449,0.66815144766147,0,1,1,0,0,3,0,0,4.69764227642276,0,1,1,"1414538"
"174",185,185,"HI",2015,"Hawaii",3,511,0.587084148727984,0,1,1,0,0,2,0,0,4.69764227642276,0,1,1,"1422052"
"175",186,186,"HI",2016,"Hawaii",2,587,0.340715502555366,1,2,2,0,0,1,0,0,4.69764227642276,0,1,1,"1427559"
"176",187,187,"HI",2017,"Hawaii",2,646,0.309597523219814,0,1,1,0,0,1,0,0,4.69764227642276,0,1,1,"1424393"
"177",188,188,"HI",2018,"Hawaii",2,554,0.36101083032491,0,1,1,0,0,1,0,0,4.69764227642276,0,1,1,"1420593"
"178",189,189,"HI",2019,"Hawaii",2,680,0.294117647058824,0,1,1,0,0,1,0,0,4.69764227642276,0,1,1,"1415872"
"179",190,190,"HI",2020,"Hawaii",2,773,0.258732212160414,0,1,1,0,0,0,0,0,4.69764227642276,0,1,1,"1451043"
"180",191,191,"HI",2021,"Hawaii",1,845,0.118343195266272,0,1,1,0,0,0,0,0,4.69764227642276,0,1,1,"1447154"
"181",193,209,"ID",2007,"Idaho",4,73,5.47945205479452,3,3,2,1,0,0,40,17850000,4.96,0,0,0,"1505105"
"182",194,210,"ID",2008,"Idaho",5,44,11.3636363636364,0,3,2,1,0,0,876,13600000,4.32,0,0,0,"1534320"
"183",195,211,"ID",2009,"Idaho",5,51,9.80392156862745,0,3,2,1,0,0,293,14800000,4.23,0,0,0,"1554439"
"184",196,212,"ID",2010,"Idaho",7,58,12.0689655172414,0,1,1,0,0,0,1452,20900000,5.27,0,0,0,"1570746"
"185",197,213,"ID",2011,"Idaho",9,74,12.1621621621622,0,1,1,0,0,0,1479,22680000,6.96,0,0,0,"1583910"
"186",198,214,"ID",2012,"Idaho",9,62,14.5161290322581,0,0,0,0,0,0,1391,26325000,7.1,0,0,0,"1595324"
"187",199,215,"ID",2013,"Idaho",9,305,2.95081967213115,0,0,0,0,0,0,1379,20815000,4.91,0,0,0,"1611206"
"188",200,216,"ID",2014,"Idaho",8,78,10.2564102564103,0,0,0,0,0,0,1589,1.6e+07,4.16,0,0,0,"1631112"
"189",201,217,"ID",2015,"Idaho",7,131,5.34351145038168,0,0,0,0,0,0,1554,14490000,4.71,0,0,0,"1651059"
"190",202,218,"ID",2016,"Idaho",6,193,3.10880829015544,0,0,0,0,0,0,1615,18800000,4.44,0,0,0,"1682380"
"191",203,219,"ID",2017,"Idaho",5,221,2.26244343891403,0,0,0,0,0,0,1643,23345000,4.21,0,0,0,"1717715"
"192",204,220,"ID",2018,"Idaho",6,223,2.69058295964126,0,0,0,0,0,0,1633,26625000,4.42,0,0,0,"1750536"
"193",205,221,"ID",2019,"Idaho",4,261,1.53256704980843,0,0,0,0,0,0,1571,30750000,4.47,0,0,0,"1787065"
"194",206,222,"ID",2020,"Idaho",5,324,1.54320987654321,0,0,0,0,0,0,365,25870000,4.8,0,0,0,"1849202"
"195",207,223,"ID",2021,"Idaho",5,385,1.2987012987013,0,0,0,0,0,0,242,25200000,6.05,0,0,0,"1904314"
"196",209,225,"IL",2007,"Illinois",159,244,65.1639344262295,2,3,0,0,3,5,21566,2283750000,4.09,0,0,0,"12695866"
"197",210,226,"IL",2008,"Illinois",181,262,69.0839694656488,1,3,0,0,3,6,23988,2130100000,4.01,0,0,0,"12747038"
"198",211,227,"IL",2009,"Illinois",204,311,65.5948553054662,2,3,0,0,3,8,30498,2053200000,3.53,0,0,0,"12796778"
"199",212,228,"IL",2010,"Illinois",219,341,64.2228739002933,3,3,0,1,2,9,35621,1946800000,5.24,0,0,0,"12840503"
"200",213,229,"IL",2011,"Illinois",218,491,44.3991853360489,0,3,0,1,2,7,35493,1938950000,6.25,0,0,0,"12867454"
"201",214,230,"IL",2012,"Illinois",206,821,25.0913520097442,0,3,0,1,2,7,35647,1286250000,6.87,0,0,0,"12882510"
"202",215,231,"IL",2013,"Illinois",218,66,330.30303030303,0,3,0,1,2,5,36403,2100400000,4.52,0,0,0,"12895129"
"203",216,232,"IL",2014,"Illinois",234,1200,19.5,1,4,0,1,3,5,37807,2.35e+09,3.71,0,0,0,"12884493"
"204",217,233,"IL",2015,"Illinois",247,1357,18.201915991157,1,5,0,2,3,2,37062,2012500000,3.69,0,0,0,"12858913"
"205",218,234,"IL",2016,"Illinois",263,1593,16.5097300690521,0,6,0,3,3,2,41078,2255650000,3.43,0,0,0,"12820527"
"206",219,235,"IL",2017,"Illinois",270,1691,15.9668835008871,1,5,0,2,3,2,39548,2200950000,3.41,0,0,0,"12778828"
"207",220,236,"IL",2018,"Illinois",280,1853,15.1106314085267,0,1,0,0,1,2,36449,2.268e+09,3.62,0,0,0,"12723071"
"208",221,237,"IL",2019,"Illinois",279,2306,12.0988725065048,1,1,0,1,0,1,35260,1846200000,3.55,0,0,0,"12671821"
"209",222,238,"IL",2020,"Illinois",284,2785,10.197486535009,0,0,0,0,0,1,33807,2120100000,4.46,0,0,0,"12786580"
"210",223,239,"IL",2021,"Illinois",304,3211,9.46745562130178,0,0,0,0,0,1,34083,2191700000,5.96,0,0,0,"12686469"
"211",225,241,"IN",2007,"Indiana",98,158,62.0253164556962,4,4,2,1,1,0,6337,980980000,4.39,0,0,0,"6379599"
"212",226,242,"IN",2008,"Indiana",111,162,68.5185185185185,1,4,2,1,1,1,13847,873600000,4.1,0,0,0,"6424806"
"213",227,243,"IN",2009,"Indiana",112,169,66.2721893491124,2,5,3,1,1,2,16723,933660000,3.66,0,0,0,"6459325"
"214",228,244,"IN",2010,"Indiana",138,202,68.3168316831683,1,5,3,1,1,3,22487,898040000,5.38,0,0,0,"6490432"
"215",229,245,"IN",2011,"Indiana",153,227,67.4008810572687,0,5,3,1,1,3,23786,839500000,6.31,0,0,0,"6516528"
"216",230,246,"IN",2012,"Indiana",157,527,29.7912713472486,0,4,3,0,1,3,20465,596970000,7.23,0,0,0,"6537703"
"217",231,247,"IN",2013,"Indiana",169,899,18.7986651835373,1,3,2,0,1,2,21749,1031910000,4.47,0,0,0,"6568713"
"218",232,248,"IN",2014,"Indiana",188,629,29.8887122416534,0,3,2,0,1,2,23883,1084760000,3.75,0,0,0,"6593644"
"219",233,249,"IN",2015,"Indiana",194,720,26.9444444444444,1,4,2,1,1,1,25175,8.22e+08,3.92,0,0,0,"6608422"
"220",234,250,"IN",2016,"Indiana",200,821,24.3605359317905,0,3,1,1,1,1,27001,946310000,3.63,0,0,0,"6634304"
"221",235,251,"IN",2017,"Indiana",204,833,24.4897959183673,1,2,0,1,1,1,27471,9.36e+08,3.56,0,0,0,"6658078"
"222",236,252,"IN",2018,"Indiana",211,801,26.3420724094881,0,2,0,1,1,0,28312,967680000,3.78,0,0,0,"6695497"
"223",237,253,"IN",2019,"Indiana",221,938,23.5607675906183,0,2,0,1,1,0,25137,814580000,3.84,0,0,0,"6732219"
"224",238,254,"IN",2020,"Indiana",234,1112,21.0431654676259,0,0,0,0,0,0,23148,981750000,4.65,0,0,0,"6788799"
"225",239,255,"IN",2021,"Indiana",247,1282,19.2667706708268,0,0,0,0,0,0,27520,1027650000,6.07,0,0,0,"6813532"
"226",241,193,"IA",2007,"Iowa",75,112,66.9642857142857,3,4,0,2,2,4,46548,2376900000,4.29,0,0,0,"2999212"
"227",242,194,"IA",2008,"Iowa",107,136,78.6764705882353,3,3,0,2,1,6,56123,2188800000,4.1,0,0,0,"3016734"
"228",243,195,"IA",2009,"Iowa",124,153,81.0457516339869,1,3,0,1,2,5,74000,2407300000,3.59,0,0,0,"3032870"
"229",244,196,"IA",2010,"Iowa",144,173,83.2369942196532,0,3,0,1,2,5,84071,2153250000,5.23,0,0,0,"3050745"
"230",245,197,"IA",2011,"Iowa",167,215,77.6744186046512,0,3,0,1,2,5,89315,2356400000,6.2,0,0,0,"3066336"
"231",246,198,"IA",2012,"Iowa",188,289,65.0519031141868,0,1,0,0,1,3,86265,1876900000,6.92,0,0,0,"3076190"
"232",247,199,"IA",2013,"Iowa",186,554,33.5740072202166,0,1,0,0,1,0,87238,2140200000,4.49,0,0,0,"3092997"
"233",248,200,"IA",2014,"Iowa",210,353,59.4900849858357,1,1,1,0,0,0,89188,2367400000,3.71,0,0,0,"3109350"
"234",249,201,"IA",2015,"Iowa",214,423,50.5910165484634,0,1,1,0,0,0,94058,2505600000,3.52,0,0,0,"3120960"
"235",250,202,"IA",2016,"Iowa",210,480,43.75,0,1,1,0,0,0,95983,2740500000,3.3,0,0,0,"3131371"
"236",251,203,"IA",2017,"Iowa",247,556,44.4244604316547,1,2,2,0,0,0,100558,2605800000,3.31,0,0,0,"3141550"
"237",252,204,"IA",2018,"Iowa",267,616,43.3441558441558,0,2,2,0,0,0,104035,2.499e+09,3.59,0,0,0,"3148618"
"238",253,205,"IA",2019,"Iowa",300,704,42.6136363636364,0,2,2,0,0,0,104135,2583900000,3.5,0,0,0,"3155070"
"239",254,206,"IA",2020,"Iowa",315,855,36.8421052631579,0,2,2,0,0,0,92137,2283300000,4.64,0,0,0,"3190571"
"240",255,207,"IA",2021,"Iowa",342,983,34.7914547304171,0,2,2,0,0,0,97418,2539800000,6.1,0,0,0,"3197689"
"241",257,257,"KS",2007,"Kansas",20,73,27.3972602739726,2,2,2,0,0,0,5530,507840000,4.13,0,0,0,"2783785"
"242",258,258,"KS",2008,"Kansas",23,74,31.0810810810811,1,2,2,0,0,1,10573,482790000,4.12,0,0,0,"2808076"
"243",259,259,"KS",2009,"Kansas",31,85,36.4705882352941,0,2,2,0,0,1,9781,598300000,3.49,0,0,0,"2832704"
"244",260,260,"KS",2010,"Kansas",39,84,46.4285714285714,0,2,2,0,0,1,10818,576600000,4.95,0,0,0,"2858190"
"245",261,261,"KS",2011,"Kansas",40,101,39.6039603960396,1,3,2,0,1,1,10860,449400000,6.28,0,0,0,"2869225"
"246",262,262,"KS",2012,"Kansas",32,148,21.6216216216216,0,2,1,0,1,1,9648,375250000,7.04,0,0,0,"2885257"
"247",263,263,"KS",2013,"Kansas",28,186,15.0537634408602,0,1,0,0,1,0,9513,5.04e+08,4.49,0,0,0,"2893212"
"248",264,264,"KS",2014,"Kansas",25,263,9.50570342205323,0,1,0,0,1,0,11678,566200000,3.78,0,0,0,"2900475"
"249",265,265,"KS",2015,"Kansas",26,640,4.0625,0,1,0,0,1,0,11596,580160000,3.69,0,0,0,"2909011"
"250",266,266,"KS",2016,"Kansas",21,813,2.5830258302583,0,1,0,0,1,0,11854,698640000,3.2,0,0,0,"2910844"
"251",267,267,"KS",2017,"Kansas",20,827,2.41837968561064,0,1,0,0,1,0,12160,686400000,3.28,0,0,0,"2908718"
"252",268,268,"KS",2018,"Kansas",26,872,2.98165137614679,0,1,0,0,1,0,12526,642420000,3.58,0,0,0,"2911359"
"253",269,269,"KS",2019,"Kansas",38,1002,3.79241516966068,0,0,0,0,0,0,12826,800660000,3.56,0,0,0,"2913314"
"254",270,270,"KS",2020,"Kansas",56,1066,5.25328330206379,0,0,0,0,0,0,12721,766480000,4.35,0,0,0,"2937919"
"255",271,271,"KS",2021,"Kansas",63,1143,5.51181102362205,0,0,0,0,0,0,12670,750600000,6.02,0,0,0,"2937922"
"256",273,273,"KY",2007,"Kentucky",8,34,23.5294117647059,0,0,0,0,0,1,848,171520000,4.14,0,0,0,"4256672"
"257",274,274,"KY",2008,"Kentucky",11,25,44,4,2,1,1,0,3,830,152320000,4.36,0,0,0,"4289878"
"258",275,275,"KY",2009,"Kentucky",15,42,35.7142857142857,0,2,1,1,0,3,842,189750000,3.74,0,0,0,"4317074"
"259",276,276,"KY",2010,"Kentucky",21,67,31.3432835820896,2,3,1,1,1,4,814,152520000,5.15,0,0,0,"4348181"
"260",277,277,"KY",2011,"Kentucky",29,75,38.6666666666667,1,3,1,1,1,5,702,180700000,6.3,0,0,0,"4369821"
"261",278,278,"KY",2012,"Kentucky",35,121,28.9256198347107,0,3,1,1,1,4,630,104040000,6.96,0,0,0,"4386346"
"262",279,279,"KY",2013,"Kentucky",55,155,35.4838709677419,1,3,1,1,1,5,654,243100000,4.67,0,0,0,"4404659"
"263",280,280,"KY",2014,"Kentucky",62,225,27.5555555555556,0,3,1,1,1,5,658,225940000,3.94,0,0,0,"4414349"
"264",281,281,"KY",2015,"Kentucky",68,224,30.3571428571429,0,2,1,1,0,5,652,225320000,3.88,0,0,0,"4425976"
"265",282,282,"KY",2016,"Kentucky",72,294,24.4897959183673,0,2,1,1,0,3,708,222600000,3.74,0,0,0,"4438182"
"266",283,283,"KY",2017,"Kentucky",73,321,22.7414330218069,0,2,1,1,0,2,713,217160000,3.69,0,0,0,"4452268"
"267",284,284,"KY",2018,"Kentucky",74,342,21.6374269005848,0,2,1,1,0,0,700,213500000,3.84,0,0,0,"4461153"
"268",285,285,"KY",2019,"Kentucky",71,433,16.3972286374134,0,2,1,1,0,0,844,245050000,3.92,0,0,0,"4467673"
"269",286,286,"KY",2020,"Kentucky",72,494,14.5748987854251,0,1,0,1,0,0,928,250240000,4.52,0,0,0,"4507445"
"270",287,287,"KY",2021,"Kentucky",75,635,11.8110236220472,0,1,0,1,0,0,939,276480000,5.79,0,0,0,"4506589"
"271",289,289,"LA",2007,"Louisiana",1,24,4.16666666666667,0,1,1,0,0,0,0,118990000,3.8,0,0,0,"4375581"
"272",290,290,"LA",2008,"Louisiana",3,18,16.6666666666667,4,3,1,1,1,2,23,73440000,4.45,0,0,0,"4435586"
"273",291,291,"LA",2009,"Louisiana",5,26,19.2307692307692,0,3,1,1,1,2,36,80520000,3.55,0,0,0,"4491648"
"274",292,292,"LA",2010,"Louisiana",5,29,17.2413793103448,2,4,1,1,2,2,30,7e+07,4.9,0,0,0,"4544532"
"275",293,293,"LA",2011,"Louisiana",2,47,4.25531914893617,0,4,1,1,2,2,28,76950000,6.1,0,0,0,"4575625"
"276",294,294,"LA",2012,"Louisiana",4,107,3.73831775700935,0,4,1,1,2,2,29,91690000,6.9,0,0,0,"4600972"
"277",295,295,"LA",2013,"Louisiana",4,114,3.50877192982456,0,3,1,1,1,1,36,115910000,5.1,0,0,0,"4624527"
"278",296,296,"LA",2014,"Louisiana",8,136,5.88235294117647,0,3,1,1,1,0,33,71370000,4.15,0,0,0,"4644013"
"279",297,297,"LA",2015,"Louisiana",9,162,5.55555555555556,0,2,1,0,1,0,0,66690000,4,0,0,0,"4664628"
"280",298,298,"LA",2016,"Louisiana",11,242,4.54545454545455,0,1,1,0,0,0,0,90750000,3.7,0,0,0,"4678135"
"281",299,299,"LA",2017,"Louisiana",12,315,3.80952380952381,0,1,1,0,0,0,0,90160000,3.72,0,0,0,"4670560"
"282",300,300,"LA",2018,"Louisiana",12,320,3.75,0,1,1,0,0,0,0,77850000,3.86,0,0,0,"4659690"
"283",301,301,"LA",2019,"Louisiana",14,392,3.57142857142857,0,1,1,0,0,0,0,89925000,3.86,0,0,0,"4648794"
"284",302,302,"LA",2020,"Louisiana",18,453,3.97350993377483,0,1,1,0,0,0,0,87785000,3.74,0,0,0,"4651664"
"285",303,303,"LA",2021,"Louisiana",22,482,4.5643153526971,0,1,1,0,0,0,0,103395000,5.29,0,0,0,"4627098"
"286",305,337,"ME",2007,"Maine",0,11,0,1,1,1,0,0,2,0,0,4.69764227642276,0,1,1,"1327040"
"287",306,338,"ME",2008,"Maine",0,14,0,0,1,1,0,0,2,0,0,4.69764227642276,0,1,1,"1330509"
"288",307,339,"ME",2009,"Maine",0,13,0,1,1,0,0,1,2,0,0,4.69764227642276,0,1,1,"1329590"
"289",308,340,"ME",2010,"Maine",0,9,0,2,1,0,0,1,3,0,0,4.69764227642276,0,1,1,"1327629"
"290",309,341,"ME",2011,"Maine",0,11,0,1,1,0,0,1,4,0,0,4.69764227642276,0,1,1,"1328284"
"291",310,342,"ME",2012,"Maine",1,36,2.77777777777778,1,2,1,0,1,4,0,0,4.69764227642276,0,1,1,"1327729"
"292",311,343,"ME",2013,"Maine",1,607,0.164744645799012,0,1,1,0,0,2,0,0,4.69764227642276,0,1,1,"1328009"
"293",312,344,"ME",2014,"Maine",0,61,0,0,1,1,0,0,1,0,0,4.69764227642276,0,1,1,"1330513"
"294",313,345,"ME",2015,"Maine",0,108,0,0,1,1,0,0,1,0,0,4.69764227642276,0,1,1,"1328262"
"295",314,346,"ME",2016,"Maine",0,204,0,0,1,1,0,0,1,0,0,4.69764227642276,0,1,1,"1331317"
"296",315,347,"ME",2017,"Maine",0,240,0,0,0,0,0,0,1,0,0,4.69764227642276,0,1,1,"1334612"
"297",316,348,"ME",2018,"Maine",1,282,0.354609929078014,0,0,0,0,0,1,0,0,4.69764227642276,0,1,1,"1339057"
"298",317,349,"ME",2019,"Maine",1,452,0.221238938053097,0,0,0,0,0,1,0,0,4.69764227642276,0,1,1,"1344212"
"299",318,350,"ME",2020,"Maine",0,531,0,0,0,0,0,0,1,0,0,4.69764227642276,0,1,1,"1363557"
"300",319,351,"ME",2021,"Maine",0,640,0,0,0,0,0,0,0,0,0,4.69764227642276,0,1,1,"1377238"
"301",321,321,"MD",2007,"Maryland",8,44,18.1818181818182,0,0,0,0,0,2,0,46965000,4.64,0,0,0,"5653408"
"302",322,322,"MD",2008,"Maryland",12,47,25.531914893617,1,1,1,0,0,1,0,48400000,4.42,0,0,0,"5684965"
"303",323,323,"MD",2009,"Maryland",15,46,32.6086956521739,0,1,1,0,0,1,0,61625000,3.71,0,0,0,"5730388"
"304",324,324,"MD",2010,"Maryland",19,57,33.3333333333333,0,1,1,0,0,1,0,45580000,6.05,0,0,0,"5788645"
"305",325,325,"MD",2011,"Maryland",23,220,10.4545454545455,0,1,1,0,0,0,0,45780000,6.7,0,0,0,"5839419"
"306",326,326,"MD",2012,"Maryland",22,464,4.74137931034483,0,1,1,0,0,0,0,53070000,7.3,0,0,0,"5886992"
"307",327,327,"MD",2013,"Maryland",25,613,4.07830342577488,0,1,1,0,0,0,0,66360000,4.84,0,0,0,"5923188"
"308",328,328,"MD",2014,"Maryland",34,723,4.70262793914246,1,2,1,0,1,0,0,75250000,3.79,0,0,0,"5957283"
"309",329,329,"MD",2015,"Maryland",34,940,3.61702127659574,0,2,1,0,1,0,0,62320000,3.88,0,0,0,"5985562"
"310",330,330,"MD",2016,"Maryland",34,1227,2.77098614506927,0,2,1,0,1,0,0,60800000,4.05,0,0,0,"6003323"
"311",331,331,"MD",2017,"Maryland",36,1442,2.49653259361997,0,1,0,0,1,0,0,72240000,4.02,0,0,0,"6023868"
"312",332,332,"MD",2018,"Maryland",35,1850,1.89189189189189,0,0,0,0,0,0,0,55480000,4.11,0,0,0,"6035802"
"313",333,333,"MD",2019,"Maryland",39,2204,1.76950998185118,0,0,0,0,0,0,0,74060000,4.3,0,0,0,"6045680"
"314",334,334,"MD",2020,"Maryland",43,2860,1.5034965034965,1,1,0,1,0,0,0,66650000,5.6,0,0,0,"6173205"
"315",335,335,"MD",2021,"Maryland",46,3537,1.30053717839977,1,1,0,1,0,0,0,74375000,6.39,0,0,0,"6174610"
"316",337,305,"MA",2007,"Massachusetts",0,59,0,1,0,0,0,0,2,0,0,4.69764227642276,0,1,1,"6431559"
"317",338,306,"MA",2008,"Massachusetts",1,51,1.96078431372549,0,0,0,0,0,2,0,0,4.69764227642276,0,1,1,"6468967"
"318",339,307,"MA",2009,"Massachusetts",2,55,3.63636363636364,5,1,0,0,1,6,0,0,4.69764227642276,0,1,1,"6517613"
"319",340,308,"MA",2010,"Massachusetts",3,57,5.26315789473684,0,1,0,0,1,6,0,0,4.69764227642276,0,1,1,"6566307"
"320",341,309,"MA",2011,"Massachusetts",4,113,3.53982300884956,0,1,0,0,1,1,0,0,4.69764227642276,0,1,1,"6613583"
"321",342,310,"MA",2012,"Massachusetts",8,469,1.70575692963753,0,1,0,0,1,1,0,0,4.69764227642276,0,1,1,"6663005"
"322",343,311,"MA",2013,"Massachusetts",8,41,19.5121951219512,0,1,0,0,1,0,0,0,4.69764227642276,0,1,1,"6713315"
"323",344,312,"MA",2014,"Massachusetts",9,788,1.14213197969543,0,1,0,0,1,0,0,0,4.69764227642276,0,1,1,"6762596"
"324",345,313,"MA",2015,"Massachusetts",6,1036,0.579150579150579,0,1,0,0,1,0,0,0,4.69764227642276,0,1,1,"6794228"
"325",346,314,"MA",2016,"Massachusetts",7,1331,0.525920360631104,0,1,0,0,1,0,0,0,4.69764227642276,0,1,1,"6823608"
"326",347,315,"MA",2017,"Massachusetts",7,1574,0.444726810673443,0,1,0,0,1,0,0,0,4.69764227642276,0,1,1,"6859789"
"327",348,316,"MA",2018,"Massachusetts",7,1860,0.376344086021505,0,0,0,0,0,0,0,0,4.69764227642276,0,1,1,"6882635"
"328",349,317,"MA",2019,"Massachusetts",6,2521,0.238000793335978,0,0,0,0,0,0,0,0,4.69764227642276,0,1,1,"6892503"
"329",350,318,"MA",2020,"Massachusetts",7,3468,0.201845444059977,0,0,0,0,0,0,0,0,4.69764227642276,0,1,1,"6995729"
"330",351,319,"MA",2021,"Massachusetts",6,4930,0.121703853955375,0,0,0,0,0,0,0,0,4.69764227642276,0,1,1,"6989690"
"331",353,353,"MI",2007,"Michigan",51,164,31.0975609756098,4,3,1,2,0,2,4420,287820000,4.37,0,0,0,"10001284"
"332",354,354,"MI",2008,"Michigan",60,166,36.144578313253,3,3,1,1,1,4,5416,295320000,3.84,0,0,0,"9946889"
"333",355,355,"MI",2009,"Michigan",95,199,47.7386934673367,2,5,2,1,2,4,5114,309320000,3.53,0,0,0,"9901591"
"334",356,356,"MI",2010,"Michigan",109,221,49.3212669683258,1,4,2,0,2,5,6590,312900000,5.56,0,0,0,"9877510"
"335",357,357,"MI",2011,"Michigan",122,578,21.1072664359862,1,4,2,1,1,3,6577,335070000,6.14,0,0,0,"9882412"
"336",358,358,"MI",2012,"Michigan",129,896,14.3973214285714,0,2,0,1,1,2,6395,314160000,6.69,0,0,0,"9897145"
"337",359,359,"MI",2013,"Michigan",163,999,16.3163163163163,0,1,0,1,0,1,6611,345650000,4.18,0,0,0,"9913065"
"338",360,360,"MI",2014,"Michigan",220,1050,20.952380952381,0,0,0,0,0,1,6704,355810000,3.65,0,0,0,"9929848"
"339",361,361,"MI",2015,"Michigan",241,1178,20.4584040747029,0,0,0,0,0,1,6713,335340000,3.63,0,0,0,"9931715"
"340",362,362,"MI",2016,"Michigan",254,1535,16.5472312703583,0,0,0,0,0,1,6824,320280000,3.44,0,0,0,"9950571"
"341",363,363,"MI",2017,"Michigan",254,1601,15.8650843222986,0,0,0,0,0,1,8158,300510000,3.46,0,0,0,"9973114"
"342",364,364,"MI",2018,"Michigan",253,1774,14.2615558060879,0,0,0,0,0,0,8595,289170000,3.72,0,0,0,"9984072"
"343",365,365,"MI",2019,"Michigan",241,1802,13.3740288568257,0,0,0,0,0,0,8186,236670000,3.73,0,0,0,"9986857"
"344",366,366,"MI",2020,"Michigan",236,1961,12.0346761856196,0,1,0,1,0,0,7381,304470000,4.72,0,0,0,"10069577"
"345",367,367,"MI",2021,"Michigan",245,2200,11.1363636363636,1,1,0,1,0,0,7657,346260000,5.86,0,0,0,"10037504"
"346",369,369,"MN",2007,"Minnesota",313,348,89.9425287356322,2,1,1,0,0,3,14119,1146100000,4.13,0,0,0,"5207203"
"347",370,370,"MN",2008,"Minnesota",353,385,91.6883116883117,1,1,1,0,0,4,17133,1166400000,3.92,0,0,0,"5247018"
"348",371,371,"MN",2009,"Minnesota",351,381,92.1259842519685,1,2,1,1,0,4,22651,1244100000,3.47,0,0,0,"5281203"
"349",372,372,"MN",2010,"Minnesota",360,396,90.9090909090909,2,3,2,1,0,5,26246,1292100000,5.01,0,0,0,"5310828"
"350",373,373,"MN",2011,"Minnesota",364,476,76.4705882352941,1,3,1,2,0,5,27452,1193500000,6.09,0,0,0,"5346143"
"351",374,374,"MN",2012,"Minnesota",360,564,63.8297872340426,0,3,1,2,0,3,25193,1374450000,6.67,0,0,0,"5376643"
"352",375,375,"MN",2013,"Minnesota",336,626,53.6741214057508,1,2,1,1,0,3,24480,1294260000,4.3,0,0,0,"5413479"
"353",376,376,"MN",2014,"Minnesota",278,780,35.6410256410256,0,2,1,1,0,3,26791,1177800000,3.58,0,0,0,"5451079"
"354",377,377,"MN",2015,"Minnesota",289,874,33.0663615560641,4,3,1,2,0,4,27718,1428800000,3.37,0,0,0,"5482032"
"355",378,378,"MN",2016,"Minnesota",314,1083,28.9935364727609,0,2,1,1,0,3,27920,1.544e+09,3.21,0,0,0,"5522744"
"356",379,379,"MN",2017,"Minnesota",372,1212,30.6930693069307,0,2,1,1,0,3,28509,1480220000,3.18,0,0,0,"5566230"
"357",380,380,"MN",2018,"Minnesota",412,1292,31.8885448916409,0,2,1,1,0,0,29187,1357720000,3.47,0,0,0,"5606249"
"358",381,381,"MN",2019,"Minnesota",430,1570,27.3885350318471,2,3,0,2,1,0,30107,1254250000,3.26,0,0,0,"5639632"
"359",382,382,"MN",2020,"Minnesota",422,1852,22.7861771058315,0,1,0,0,1,0,27284,1434410000,4.52,0,0,0,"5709852"
"360",383,383,"MN",2021,"Minnesota",454,2073,21.9006271104679,0,1,0,0,1,0,30446,1387680000,5.91,0,0,0,"5711471"
"361",385,401,"MS",2007,"Mississippi",1,42,2.38095238095238,0,0,0,0,0,0,0,134680000,3.68,0,0,0,"2928350"
"362",386,402,"MS",2008,"Mississippi",2,40,5,0,0,0,0,0,0,106,9.8e+07,4.63,0,0,0,"2947806"
"363",387,403,"MS",2009,"Mississippi",4,47,8.51063829787234,1,0,0,0,0,1,1285,88960000,3.72,0,0,0,"2958774"
"364",388,404,"MS",2010,"Mississippi",3,50,6,0,0,0,0,0,1,1076,91120000,4.37,0,0,0,"2970548"
"365",389,405,"MS",2011,"Mississippi",2,51,3.92156862745098,0,0,0,0,0,1,993,93440000,6.23,0,0,0,"2978731"
"366",390,406,"MS",2012,"Mississippi",1,182,0.549450549450549,0,0,0,0,0,1,870,131175000,6.94,0,0,0,"2983816"
"367",391,407,"MS",2013,"Mississippi",1,333,0.3003003003003,0,0,0,0,0,1,0,146080000,5.05,0,0,0,"2988711"
"368",392,408,"MS",2014,"Mississippi",3,161,1.86335403726708,0,0,0,0,0,1,0,89725000,4.24,0,0,0,"2990468"
"369",393,409,"MS",2015,"Mississippi",3,166,1.80722891566265,0,1,0,1,0,0,703,85750000,4.01,0,0,0,"2988471"
"370",394,410,"MS",2016,"Mississippi",3,175,1.71428571428571,1,1,0,1,0,0,1181,119520000,3.74,0,0,0,"2987938"
"371",395,411,"MS",2017,"Mississippi",5,225,2.22222222222222,0,0,0,0,0,0,1199,94500000,3.68,0,0,0,"2988510"
"372",396,412,"MS",2018,"Mississippi",5,223,2.24215246636771,0,0,0,0,0,0,1191,85100000,3.8,0,0,0,"2981020"
"373",397,413,"MS",2019,"Mississippi",6,391,1.53452685421995,0,0,0,0,0,0,0,107880000,3.86,0,0,0,"2976149"
"374",398,414,"MS",2020,"Mississippi",5,437,1.1441647597254,0,0,0,0,0,0,0,88200000,4.03,0,0,0,"2958141"
"375",399,415,"MS",2021,"Mississippi",4,520,0.769230769230769,0,0,0,0,0,0,0,126700000,5.59,0,0,0,"2949586"
"376",401,385,"MO",2007,"Missouri",69,186,37.0967741935484,0,0,0,0,0,0,3845,457800000,4.17,0,0,0,"5887612"
"377",402,386,"MO",2008,"Missouri",87,164,53.0487804878049,1,1,1,0,0,0,5320,381600000,4.11,0,0,0,"5923916"
"378",403,387,"MO",2009,"Missouri",97,182,53.2967032967033,0,1,1,0,0,0,6209,446760000,3.58,0,0,0,"5961088"
"379",404,388,"MO",2010,"Missouri",103,193,53.3678756476684,0,1,1,0,0,0,6143,3.69e+08,5.35,0,0,0,"5995974"
"380",405,389,"MO",2011,"Missouri",106,224,47.3214285714286,0,1,1,0,0,0,6036,347700000,6.4,0,0,0,"6010275"
"381",406,390,"MO",2012,"Missouri",110,310,35.4838709677419,0,1,1,0,0,0,5290,247500000,7.34,0,0,0,"6024367"
"382",407,391,"MO",2013,"Missouri",106,172,61.6279069767442,1,2,1,0,1,0,5328,435200000,4.57,0,0,0,"6040715"
"383",408,392,"MO",2014,"Missouri",101,381,26.509186351706,1,2,1,0,1,1,6300,628680000,3.54,0,0,0,"6056202"
"384",409,393,"MO",2015,"Missouri",99,720,13.75,0,2,1,0,1,1,6506,437360000,3.69,0,0,0,"6071732"
"385",410,394,"MO",2016,"Missouri",92,1349,6.81986656782802,0,1,1,0,0,1,6646,570500000,3.4,0,0,0,"6087135"
"386",411,395,"MO",2017,"Missouri",94,1759,5.3439454235361,0,1,1,0,0,1,6828,552500000,3.41,0,0,0,"6106670"
"387",412,396,"MO",2018,"Missouri",98,1872,5.23504273504274,0,1,1,0,0,1,6837,466200000,3.68,0,0,0,"6121623"
"388",413,397,"MO",2019,"Missouri",111,2102,5.28068506184586,1,1,0,1,0,1,6597,463450000,3.67,0,0,0,"6137428"
"389",414,398,"MO",2020,"Missouri",115,2269,5.06831203173204,0,1,0,1,0,1,6098,560880000,4.59,0,0,0,"6153998"
"390",415,399,"MO",2021,"Missouri",132,2417,5.46131568059578,0,1,0,1,0,0,6493,545370000,6.15,0,0,0,"6169823"
"391",417,417,"MT",2007,"Montana",2,40,5,2,1,1,0,0,1,0,5320000,4.76,0,0,0,"964706"
"392",418,418,"MT",2008,"Montana",1,37,2.7027027027027,1,1,1,0,0,2,0,4270000,3.8,0,0,0,"976415"
"393",419,419,"MT",2009,"Montana",1,53,1.88679245283019,0,1,1,0,0,2,0,3952000,4.23,0,0,0,"983982"
"394",420,420,"MT",2010,"Montana",2,64,3.125,0,1,1,0,0,2,0,4590000,6,0,0,0,"990697"
"395",421,421,"MT",2011,"Montana",1,55,1.81818181818182,0,1,1,0,0,2,0,4572000,6.47,0,0,0,"997316"
"396",422,422,"MT",2012,"Montana",3,54,5.55555555555556,0,1,1,0,0,2,0,6240000,7.21,0,0,0,"1003783"
"397",423,423,"MT",2013,"Montana",4,59,6.77966101694915,0,1,1,0,0,0,0,8625000,4.27,0,0,0,"1013569"
"398",424,424,"MT",2014,"Montana",2,70,2.85714285714286,0,1,1,0,0,0,0,7500000,3.77,0,0,0,"1021869"
"399",425,425,"MT",2015,"Montana",2,113,1.76991150442478,0,1,1,0,0,0,0,5500000,4.01,0,0,0,"1030475"
"400",426,426,"MT",2016,"Montana",2,141,1.41843971631206,0,1,1,0,0,0,0,5500000,4.15,0,0,0,"1040859"
"401",427,427,"MT",2017,"Montana",2,142,1.40845070422535,1,1,1,0,0,1,0,4550000,3.41,0,0,0,"1052482"
"402",428,428,"MT",2018,"Montana",2,151,1.32450331125828,1,2,2,0,0,0,0,5780000,3.79,0,0,0,"1060665"
"403",429,429,"MT",2019,"Montana",1,183,0.546448087431694,0,2,2,0,0,0,0,5700000,3.7,0,0,0,"1068778"
"404",430,430,"MT",2020,"Montana",1,230,0.434782608695652,0,2,2,0,0,0,0,6649000,4.4,0,0,0,"1087075"
"405",431,431,"MT",2021,"Montana",2,243,0.823045267489712,0,2,2,0,0,0,0,6e+06,6.9,0,0,0,"1106227"
"406",433,465,"NE",2007,"Nebraska",27,53,50.9433962264151,0,0,0,0,0,0,19905,1.472e+09,4.14,0,0,0,"1783440"
"407",434,466,"NE",2008,"Nebraska",35,58,60.3448275862069,2,1,1,0,0,1,28081,1393650000,4.05,0,0,0,"1796378"
"408",435,467,"NE",2009,"Nebraska",48,71,67.6056338028169,0,1,1,0,0,1,28038,1584150000,3.58,0,0,0,"1812683"
"409",436,468,"NE",2010,"Nebraska",58,79,73.4177215189873,1,1,1,0,0,2,44111,1469100000,5.09,0,0,0,"1829542"
"410",437,469,"NE",2011,"Nebraska",68,92,73.9130434782609,1,2,2,0,0,2,46402,1.536e+09,6.11,0,0,0,"1840672"
"411",438,470,"NE",2012,"Nebraska",77,118,65.2542372881356,0,2,2,0,0,2,42693,1292200000,6.85,0,0,0,"1853303"
"412",439,471,"NE",2013,"Nebraska",75,814,9.21375921375921,0,1,1,0,0,1,42754,1613950000,4.47,0,0,0,"1865279"
"413",440,472,"NE",2014,"Nebraska",80,160,50,0,1,1,0,0,0,46343,1602050000,3.77,0,0,0,"1879321"
"414",441,473,"NE",2015,"Nebraska",82,180,45.5555555555556,0,1,1,0,0,0,46646,1692750000,3.57,0,0,0,"1891277"
"415",442,474,"NE",2016,"Nebraska",80,237,33.7552742616034,1,1,1,0,0,1,48878,1699900000,3.32,0,0,0,"1905616"
"416",443,475,"NE",2017,"Nebraska",95,295,32.2033898305085,1,2,1,1,0,0,49765,1683300000,3.35,0,0,0,"1915947"
"417",444,476,"NE",2018,"Nebraska",88,330,26.6666666666667,0,2,1,1,0,0,49723,1785600000,3.58,0,0,0,"1925614"
"418",445,477,"NE",2019,"Nebraska",97,375,25.8666666666667,1,2,1,1,0,1,50117,1785420000,3.52,0,0,0,"1934408"
"419",446,478,"NE",2020,"Nebraska",88,419,21.0023866348449,0,1,0,1,0,1,42863,1780200000,4.47,0,0,0,"1962642"
"420",447,479,"NE",2021,"Nebraska",120,537,22.3463687150838,0,1,0,1,0,1,48251,1854640000,5.96,0,0,0,"1963554"
"421",449,529,"NV",2007,"Nevada",6,73,8.21917808219178,0,0,0,0,0,0,0,0,4.69764227642276,0,1,1,"2601072"
"422",450,530,"NV",2008,"Nevada",16,69,23.1884057971014,0,0,0,0,0,0,0,0,4.69764227642276,0,1,1,"2653630"
"423",451,531,"NV",2009,"Nevada",14,68,20.5882352941176,2,0,0,0,0,2,0,0,4.69764227642276,0,1,1,"2684665"
"424",452,532,"NV",2010,"Nevada",26,89,29.2134831460674,0,0,0,0,0,2,0,0,4.69764227642276,0,1,1,"2702405"
"425",453,533,"NV",2011,"Nevada",23,109,21.1009174311927,1,0,0,0,0,3,0,0,4.69764227642276,0,1,1,"2712730"
"426",454,534,"NV",2012,"Nevada",19,128,14.84375,0,0,0,0,0,3,0,0,4.69764227642276,0,1,1,"2743996"
"427",455,535,"NV",2013,"Nevada",20,84,23.8095238095238,0,0,0,0,0,3,0,0,4.69764227642276,0,1,1,"2775970"
"428",456,536,"NV",2014,"Nevada",21,330,6.36363636363636,0,0,0,0,0,3,0,0,4.69764227642276,0,1,1,"2817628"
"429",457,537,"NV",2015,"Nevada",20,376,5.31914893617021,0,0,0,0,0,2,0,0,4.69764227642276,0,1,1,"2866939"
"430",458,538,"NV",2016,"Nevada",20,557,3.59066427289048,0,0,0,0,0,1,0,0,4.69764227642276,0,1,1,"2917563"
"431",459,539,"NV",2017,"Nevada",19,675,2.81481481481481,0,0,0,0,0,1,0,0,4.69764227642276,0,1,1,"2969905"
"432",460,540,"NV",2018,"Nevada",14,712,1.96629213483146,0,0,0,0,0,1,0,0,4.69764227642276,0,1,1,"3027341"
"433",461,541,"NV",2019,"Nevada",12,976,1.22950819672131,0,0,0,0,0,1,0,0,4.69764227642276,0,1,1,"3080156"
"434",462,542,"NV",2020,"Nevada",12,1206,0.995024875621891,0,0,0,0,0,0,0,0,4.69764227642276,0,1,1,"3115648"
"435",463,543,"NV",2021,"Nevada",12,1395,0.860215053763441,0,0,0,0,0,0,0,0,4.69764227642276,0,1,1,"3146402"
"436",465,481,"NH",2007,"New Hampshire",0,37,0,0,0,0,0,0,1,0,0,4.69764227642276,0,1,1,"1312540"
"437",466,482,"NH",2008,"New Hampshire",0,33,0,1,1,0,1,0,1,0,0,4.69764227642276,0,1,1,"1315906"
"438",467,483,"NH",2009,"New Hampshire",0,25,0,0,1,0,1,0,1,0,0,4.69764227642276,0,1,1,"1316102"
"439",468,484,"NH",2010,"New Hampshire",0,25,0,1,1,0,1,0,2,0,0,4.69764227642276,0,1,1,"1316762"
"440",469,485,"NH",2011,"New Hampshire",0,36,0,1,1,0,1,0,3,0,0,4.69764227642276,0,1,1,"1320202"
"441",470,486,"NH",2012,"New Hampshire",0,59,0,1,1,0,1,0,3,0,0,4.69764227642276,0,1,1,"1324232"
"442",471,487,"NH",2013,"New Hampshire",0,137,0,0,0,0,0,0,3,0,0,4.69764227642276,0,1,1,"1326622"
"443",472,488,"NH",2014,"New Hampshire",1,88,1.13636363636364,0,0,0,0,0,2,0,0,4.69764227642276,0,1,1,"1333341"
"444",473,489,"NH",2015,"New Hampshire",0,156,0,0,0,0,0,0,1,0,0,4.69764227642276,0,1,1,"1336350"
"445",474,490,"NH",2016,"New Hampshire",0,212,0,0,0,0,0,0,0,0,0,4.69764227642276,0,1,1,"1342307"
"446",475,491,"NH",2017,"New Hampshire",0,232,0,0,0,0,0,0,0,0,0,4.69764227642276,0,1,1,"1348787"
"447",476,492,"NH",2018,"New Hampshire",0,265,0,0,0,0,0,0,0,0,0,4.69764227642276,0,1,1,"1353465"
"448",477,493,"NH",2019,"New Hampshire",0,277,0,0,0,0,0,0,0,0,0,4.69764227642276,0,1,1,"1359711"
"449",478,494,"NH",2020,"New Hampshire",0,319,0,0,0,0,0,0,0,0,0,4.69764227642276,0,1,1,"1378587"
"450",479,495,"NH",2021,"New Hampshire",0,375,0,0,0,0,0,0,0,0,0,4.69764227642276,0,1,1,"1387505"
"451",481,497,"NJ",2007,"New Jersey",0,21,0,1,1,0,0,1,0,0,10168000,4.65,0,0,0,"8677885"
"452",482,498,"NJ",2008,"New Jersey",0,22,0,0,1,0,0,1,0,0,8584000,4.15,0,0,0,"8711090"
"453",483,499,"NJ",2009,"New Jersey",2,31,6.45161290322581,0,1,0,0,1,0,0,10010000,3.73,0,0,0,"8755602"
"454",484,500,"NJ",2010,"New Jersey",4,42,9.52380952380952,0,1,0,0,1,0,0,8094000,6.05,0,0,0,"8799446"
"455",485,501,"NJ",2011,"New Jersey",4,110,3.63636363636364,0,0,0,0,0,0,0,9963000,6.8,0,0,0,"8828117"
"456",486,502,"NJ",2012,"New Jersey",5,235,2.12765957446809,0,0,0,0,0,0,0,10148000,7.4,0,0,0,"8844942"
"457",487,503,"NJ",2013,"New Jersey",5,58,8.62068965517241,1,0,0,0,0,1,0,11120000,4.66,0,0,0,"8856972"
"458",488,504,"NJ",2014,"New Jersey",5,306,1.63398692810458,0,0,0,0,0,1,0,12403000,3.8,0,0,0,"8864525"
"459",489,505,"NJ",2015,"New Jersey",5,465,1.0752688172043,0,0,0,0,0,1,0,10584000,3.85,0,0,0,"8867949"
"460",490,506,"NJ",2016,"New Jersey",5,565,0.884955752212389,0,0,0,0,0,1,0,10295000,3.9,0,0,0,"8870827"
"461",491,507,"NJ",2017,"New Jersey",4,629,0.635930047694754,0,0,0,0,0,1,0,11690000,3.75,0,0,0,"8885525"
"462",492,508,"NJ",2018,"New Jersey",6,801,0.749063670411985,0,0,0,0,0,0,0,8460000,3.9,0,0,0,"8886025"
"463",493,509,"NJ",2019,"New Jersey",6,1351,0.444115470022206,0,0,0,0,0,0,0,10540000,4.3,0,0,0,"8882190"
"464",494,510,"NJ",2020,"New Jersey",6,1702,0.352526439482961,0,0,0,0,0,0,0,11388000,5.7,0,0,0,"9271689"
"465",495,511,"NJ",2021,"New Jersey",6,2060,0.29126213592233,0,0,0,0,0,0,0,11736000,6.48,0,0,0,"9267961"
"466",497,513,"NM",2007,"New Mexico",6,75,8,0,0,0,0,0,2,719,9720000,5.2,0,0,0,"1990070"
"467",498,514,"NM",2008,"New Mexico",8,76,10.5263157894737,0,0,0,0,0,2,528,10175000,5.3,0,0,0,"2010662"
"468",499,515,"NM",2009,"New Mexico",10,77,12.987012987013,2,0,0,0,0,4,654,9500000,4.12,0,0,0,"2036802"
"469",500,516,"NM",2010,"New Mexico",11,82,13.4146341463415,0,0,0,0,0,2,598,11880000,5.03,0,0,0,"2064552"
"470",501,517,"NM",2011,"New Mexico",9,81,11.1111111111111,0,0,0,0,0,2,552,8100000,6.35,0,0,0,"2080450"
"471",502,518,"NM",2012,"New Mexico",14,112,12.5,0,0,0,0,0,2,484,7310000,7.3,0,0,0,"2087309"
"472",503,519,"NM",2013,"New Mexico",13,268,4.85074626865672,0,0,0,0,0,2,608,7220000,5.18,0,0,0,"2092273"
"473",504,520,"NM",2014,"New Mexico",14,140,10,0,0,0,0,0,1,545,9360000,4.35,0,0,0,"2089568"
"474",505,521,"NM",2015,"New Mexico",10,187,5.3475935828877,1,1,0,1,0,1,0,7200000,4.58,0,0,0,"2089291"
"475",506,522,"NM",2016,"New Mexico",10,220,4.54545454545455,0,1,0,1,0,1,0,6150000,3.93,0,0,0,"2091630"
"476",507,523,"NM",2017,"New Mexico",11,257,4.28015564202335,0,1,0,1,0,1,0,5762000,3.9,0,0,0,"2091784"
"477",508,524,"NM",2018,"New Mexico",12,273,4.3956043956044,0,0,0,0,0,0,0,6545000,4.3,0,0,0,"2092741"
"478",509,525,"NM",2019,"New Mexico",14,336,4.16666666666667,0,0,0,0,0,0,0,6480000,4.4,0,0,0,"2096829"
"479",510,526,"NM",2020,"New Mexico",14,457,3.06345733041575,0,0,0,0,0,0,0,7215000,4.7,0,0,0,"2118390"
"480",511,527,"NM",2021,"New Mexico",18,543,3.31491712707182,0,0,0,0,0,0,0,7176000,5.75,0,0,0,"2116677"
"481",513,545,"NY",2007,"New York",8,83,9.63855421686747,1,1,1,0,0,3,100,70400000,5.05,0,0,0,"19132335"
"482",514,546,"NY",2008,"New York",17,145,11.7241379310345,2,3,1,2,0,3,2064,92160000,4.32,0,0,0,"19212436"
"483",515,547,"NY",2009,"New York",38,177,21.4689265536723,2,5,1,3,1,3,1189,79730000,4.02,0,0,0,"19307066"
"484",516,548,"NY",2010,"New York",75,238,31.5126050420168,0,5,1,3,1,2,2482,87910000,6.3,0,0,0,"19399878"
"485",517,549,"NY",2011,"New York",82,480,17.0833333333333,2,6,0,4,2,1,3063,82460000,6.9,0,0,0,"19499241"
"486",518,550,"NY",2012,"New York",84,780,10.7692307692308,0,5,0,3,2,1,3095,91120000,6.78,0,0,0,"19572932"
"487",519,551,"NY",2013,"New York",81,110,73.6363636363636,0,3,0,2,1,1,3762,94530000,4.52,0,0,0,"19624447"
"488",520,552,"NY",2014,"New York",83,1336,6.2125748502994,0,3,0,2,1,1,3490,100640000,4.11,0,0,0,"19651049"
"489",521,553,"NY",2015,"New York",85,1570,5.4140127388535,0,0,0,0,0,1,3465,84370000,4.01,0,0,0,"19654666"
"490",522,554,"NY",2016,"New York",79,1936,4.08057851239669,1,1,1,0,0,1,3801,73530000,3.9,0,0,0,"19633428"
"491",523,555,"NY",2017,"New York",72,2228,3.23159784560144,0,1,1,0,0,0,3687,78085000,4.07,0,0,0,"19589572"
"492",524,556,"NY",2018,"New York",72,2807,2.5650160313502,0,1,1,0,0,0,3308,97785000,4.16,0,0,0,"19530351"
"493",525,557,"NY",2019,"New York",71,4765,1.4900314795383,0,1,1,0,0,0,3519,86110000,4.2,0,0,0,"19453561"
"494",526,558,"NY",2020,"New York",75,6301,1.19028725599111,0,0,0,0,0,0,1753,78500000,6.1,0,0,0,"20108296"
"495",527,559,"NY",2021,"New York",79,7834,1.00842481490937,0,0,0,0,0,0,1375,96860000,6.5,0,0,0,"19857492"
"496",529,433,"NC",2007,"North Carolina",12,138,8.69565217391304,0,1,0,1,0,1,0,1.01e+08,4,0,0,0,"9118037"
"497",530,434,"NC",2008,"North Carolina",14,136,10.2941176470588,0,1,0,1,0,1,0,64740000,4.91,0,0,0,"9309449"
"498",531,435,"NC",2009,"North Carolina",19,227,8.37004405286344,1,2,0,1,1,1,0,93600000,3.9,0,0,0,"9449566"
"499",532,436,"NC",2010,"North Carolina",20,254,7.8740157480315,3,4,1,2,1,0,0,76440000,5.18,0,0,0,"9574323"
"500",533,437,"NC",2011,"North Carolina",29,409,7.09046454767726,0,4,1,2,1,0,0,68460000,7.04,0,0,0,"9657592"
"501",534,438,"NC",2012,"North Carolina",30,726,4.13223140495868,3,7,4,2,1,0,0,95940000,7.48,0,0,0,"9749476"
"502",535,439,"NC",2013,"North Carolina",22,182,12.0879120879121,1,6,4,2,0,1,0,122120000,4.96,0,0,0,"9843336"
"503",536,440,"NC",2014,"North Carolina",23,967,2.37849017580145,0,4,4,0,0,1,0,102960000,4.19,0,0,0,"9932887"
"504",537,441,"NC",2015,"North Carolina",26,1113,2.33602875112309,0,1,1,0,0,1,0,82490000,4.32,0,0,0,"10031646"
"505",538,442,"NC",2016,"North Carolina",58,1366,4.24597364568082,0,1,1,0,0,0,0,121260000,4.07,0,0,0,"10154788"
"506",539,443,"NC",2017,"North Carolina",79,1704,4.63615023474178,0,0,0,0,0,0,0,119280000,4.24,0,0,0,"10268233"
"507",540,444,"NC",2018,"North Carolina",86,1818,4.73047304730473,0,0,0,0,0,0,0,93790000,4.39,0,0,0,"10381615"
"508",541,445,"NC",2019,"North Carolina",89,2223,4.00359874044085,0,0,0,0,0,0,0,103230000,4.41,0,0,0,"10488084"
"509",542,446,"NC",2020,"North Carolina",96,2597,3.69657296881017,0,0,0,0,0,0,0,106220000,4.7,0,0,0,"10449445"
"510",543,447,"NC",2021,"North Carolina",100,3102,3.22372662798195,0,0,0,0,0,0,0,134845000,6.3,0,0,0,"10565885"
"511",545,449,"ND",2007,"North Dakota",23,41,56.0975609756098,0,1,1,0,0,1,3255,272600000,4.06,0,0,0,"652822"
"512",546,450,"ND",2008,"North Dakota",30,46,65.2173913043478,1,1,1,0,0,2,3666,285200000,3.74,0,0,0,"657569"
"513",547,451,"ND",2009,"North Dakota",30,59,50.8474576271186,1,1,0,1,0,1,6197,200100000,3.18,0,0,0,"664968"
"514",548,452,"ND",2010,"North Dakota",55,85,64.7058823529412,0,1,0,1,0,1,7451,248160000,5.01,0,0,0,"674715"
"515",549,453,"ND",2011,"North Dakota",74,97,76.2886597938144,0,1,0,1,0,1,7721,216300000,5.81,0,0,0,"685225"
"516",550,454,"ND",2012,"North Dakota",79,106,74.5283018867924,0,1,0,1,0,1,7329,422120000,6.46,0,0,0,"701176"
"517",551,455,"ND",2013,"North Dakota",58,995,5.82914572864322,0,1,0,1,0,0,7344,3.96e+08,3.91,0,0,0,"722036"
"518",552,456,"ND",2014,"North Dakota",77,104,74.0384615384615,0,0,0,0,0,0,7375,313720000,3.34,0,0,0,"737401"
"519",553,457,"ND",2015,"North Dakota",53,86,61.6279069767442,0,0,0,0,0,0,8626,327680000,3.28,0,0,0,"754066"
"520",554,458,"ND",2016,"North Dakota",43,80,53.75,0,0,0,0,0,0,9884,516660000,3.01,0,0,0,"754434"
"521",555,459,"ND",2017,"North Dakota",41,83,49.3975903614458,0,1,1,0,0,0,12205,448970000,3.04,0,0,0,"754942"
"522",556,460,"ND",2018,"North Dakota",44,100,44,0,1,1,0,0,0,12242,448290000,3.32,0,0,0,"758080"
"523",557,461,"ND",2019,"North Dakota",41,114,35.9649122807018,1,1,1,0,0,0,12407,410030000,3.07,0,0,0,"762062"
"524",558,462,"ND",2020,"North Dakota",38,165,23.030303030303,0,0,0,0,0,0,12280,247420000,4.44,0,0,0,"779518"
"525",559,463,"ND",2021,"North Dakota",49,210,23.3333333333333,0,0,0,0,0,0,12404,381150000,5.86,0,0,0,"777934"
"526",561,561,"OH",2007,"Ohio",47,155,30.3225806451613,0,2,1,1,0,0,42,541500000,4.29,0,0,0,"11500468"
"527",562,562,"OH",2008,"Ohio",64,162,39.5061728395062,3,4,2,1,1,1,7941,408720000,4.21,0,0,0,"11515391"
"528",563,563,"OH",2009,"Ohio",63,162,38.8888888888889,0,4,2,1,1,1,6256,536940000,3.55,0,0,0,"11528896"
"529",564,564,"OH",2010,"Ohio",67,169,39.6449704142012,0,4,2,1,1,1,9669,523200000,5.45,0,0,0,"11539336"
"530",565,565,"OH",2011,"Ohio",84,223,37.6681614349776,0,4,2,1,1,1,11205,489600000,6.44,0,0,0,"11544663"
"531",566,566,"OH",2012,"Ohio",88,355,24.7887323943662,0,2,1,1,0,1,10799,4.38e+08,7.09,0,0,0,"11548923"
"532",567,567,"OH",2013,"Ohio",97,385,25.1948051948052,1,3,1,2,0,0,11291,650760000,4.41,0,0,0,"11576684"
"533",568,568,"OH",2014,"Ohio",128,501,25.5489021956088,0,3,1,2,0,0,13313,612480000,3.78,0,0,0,"11602700"
"534",569,569,"OH",2015,"Ohio",136,674,20.1780415430267,0,2,0,2,0,0,13507,498780000,3.89,0,0,0,"11617527"
"535",570,570,"OH",2016,"Ohio",151,856,17.6401869158879,0,2,0,2,0,0,13978,524700000,3.61,0,0,0,"11634370"
"536",571,571,"OH",2017,"Ohio",164,1113,14.7349505840072,1,2,0,2,0,0,14573,557550000,3.61,0,0,0,"11659650"
"537",572,572,"OH",2018,"Ohio",165,1291,12.7807900852053,0,2,0,2,0,0,15131,617100000,3.74,0,0,0,"11676341"
"538",573,573,"OH",2019,"Ohio",180,1691,10.6445890005914,0,1,0,1,0,0,14934,421480000,3.91,0,0,0,"11689100"
"539",574,574,"OH",2020,"Ohio",193,2178,8.8613406795225,0,1,0,1,0,0,12725,564300000,4.69,0,0,0,"11797517"
"540",575,575,"OH",2021,"Ohio",213,2558,8.3268178264269,0,1,0,1,0,0,13988,644620000,5.92,0,0,0,"11764342"
"541",577,577,"OK",2007,"Oklahoma",4,131,3.05343511450382,1,1,1,0,0,2,0,39150000,4.07,0,0,0,"3634349"
"542",578,578,"OK",2008,"Oklahoma",6,127,4.7244094488189,1,1,1,0,0,3,0,35200000,4.46,0,0,0,"3668976"
"543",579,579,"OK",2009,"Oklahoma",11,123,8.94308943089431,2,2,1,0,1,4,0,33600000,3.71,0,0,0,"3717572"
"544",580,580,"OK",2010,"Oklahoma",13,126,10.3174603174603,0,1,0,0,1,4,0,43520000,4.66,0,0,0,"3759944"
"545",581,581,"OK",2011,"Oklahoma",15,140,10.7142857142857,0,1,0,0,1,3,0,17480000,6.22,0,0,0,"3788379"
"546",582,582,"OK",2012,"Oklahoma",27,203,13.3004926108374,0,1,0,0,1,2,0,32450000,7.04,0,0,0,"3818814"
"547",583,583,"OK",2013,"Oklahoma",27,307,8.79478827361564,3,3,1,0,2,2,0,44950000,5.09,0,0,0,"3853214"
"548",584,584,"OK",2014,"Oklahoma",25,321,7.78816199376947,0,2,1,0,1,2,0,42630000,4.11,0,0,0,"3878187"
"549",585,585,"OK",2015,"Oklahoma",31,362,8.56353591160221,0,1,0,0,1,2,0,36120000,3.93,0,0,0,"3909500"
"550",586,586,"OK",2016,"Oklahoma",29,407,7.12530712530713,0,1,0,0,1,2,0,42350000,3.39,0,0,0,"3926331"
"551",587,587,"OK",2017,"Oklahoma",32,431,7.4245939675174,0,1,0,0,1,1,0,38430000,3.59,0,0,0,"3931316"
"552",588,588,"OK",2018,"Oklahoma",52,481,10.8108108108108,0,0,0,0,0,1,0,36180000,3.86,0,0,0,"3940235"
"553",589,589,"OK",2019,"Oklahoma",56,617,9.07617504051864,0,0,0,0,0,0,0,45210000,4,0,0,0,"3956971"
"554",590,590,"OK",2020,"Oklahoma",69,1004,6.87250996015936,0,0,0,0,0,0,0,43200000,4.35,0,0,0,"3964912"
"555",591,591,"OK",2021,"Oklahoma",88,1411,6.23671155209072,0,0,0,0,0,0,0,44250000,6.14,0,0,0,"3991225"
"556",593,593,"OR",2007,"Oregon",6,94,6.38297872340426,0,4,2,2,0,0,349,7e+06,4.36,0,0,0,"3722417"
"557",594,594,"OR",2008,"Oregon",8,102,7.84313725490196,3,7,5,2,0,0,1782,6435000,4.15,0,0,0,"3768748"
"558",595,595,"OR",2009,"Oregon",8,99,8.08080808080808,0,5,5,0,0,0,1380,6880000,4.12,0,0,0,"3808600"
"559",596,596,"OR",2010,"Oregon",8,112,7.14285714285714,0,5,5,0,0,0,855,7600000,5.94,0,0,0,"3837491"
"560",597,597,"OR",2011,"Oregon",9,392,2.29591836734694,1,6,5,0,1,0,832,10965000,6.95,0,0,0,"3872036"
"561",598,598,"OR",2012,"Oregon",8,855,0.935672514619883,1,4,3,0,1,0,802,10660000,6.96,0,0,0,"3899001"
"562",599,599,"OR",2013,"Oregon",8,995,0.804020100502513,0,4,3,0,1,0,882,6768000,5.44,0,0,0,"3922468"
"563",600,600,"OR",2014,"Oregon",7,1071,0.65359477124183,1,4,2,0,2,0,1040,7410000,4.45,0,0,0,"3963244"
"564",601,601,"OR",2015,"Oregon",8,1205,0.663900414937759,0,3,2,0,1,0,947,5640000,4,0,0,0,"4015792"
"565",602,602,"OR",2016,"Oregon",10,1416,0.706214689265537,0,3,2,0,1,0,904,8970000,4.25,0,0,0,"4089976"
"566",603,603,"OR",2017,"Oregon",10,1518,0.658761528326746,0,3,2,0,1,0,970,9328000,3.78,0,0,0,"4143625"
"567",604,604,"OR",2018,"Oregon",10,1698,0.588928150765607,0,0,0,0,0,0,994,7800000,4.13,0,0,0,"4181886"
"568",605,605,"OR",2019,"Oregon",9,2024,0.444664031620553,0,0,0,0,0,0,892,11613000,4.34,0,0,0,"4217737"
"569",606,606,"OR",2020,"Oregon",4,2227,0.17961383026493,0,0,0,0,0,0,790,15665000,5.45,0,0,0,"4244795"
"570",607,607,"OR",2021,"Oregon",4,2541,0.157418339236521,0,0,0,0,0,0,717,13200000,7.23,0,0,0,"4256301"
"571",609,609,"PA",2007,"Pennsylvania",12,150,8,2,0,0,0,0,2,0,121520000,4.56,0,0,0,"12563937"
"572",610,610,"PA",2008,"Pennsylvania",19,114,16.6666666666667,0,0,0,0,0,2,0,117040000,4.16,0,0,0,"12612285"
"573",611,611,"PA",2009,"Pennsylvania",26,127,20.4724409448819,2,1,1,0,0,3,0,130640000,3.84,0,0,0,"12666858"
"574",612,612,"PA",2010,"Pennsylvania",37,140,26.4285714285714,1,2,1,1,0,3,2339,116480000,6.12,0,0,0,"12711160"
"575",613,613,"PA",2011,"Pennsylvania",35,176,19.8863636363636,0,2,1,1,0,1,2055,106560000,7.05,0,0,0,"12745815"
"576",614,614,"PA",2012,"Pennsylvania",32,368,8.69565217391304,0,2,1,1,0,1,2076,1.31e+08,7.21,0,0,0,"12767118"
"577",615,615,"PA",2013,"Pennsylvania",33,429,7.69230769230769,1,2,0,2,0,0,2523,159140000,4.47,0,0,0,"12776309"
"578",616,616,"PA",2014,"Pennsylvania",33,542,6.08856088560886,0,1,0,1,0,0,2341,158620000,3.9,0,0,0,"12788313"
"579",617,617,"PA",2015,"Pennsylvania",37,699,5.29327610872675,0,1,0,1,0,0,2283,138180000,3.97,0,0,0,"12784826"
"580",618,618,"PA",2016,"Pennsylvania",41,897,4.57079152731327,0,1,0,1,0,0,2474,122550000,4.04,0,0,0,"12782275"
"581",619,619,"PA",2017,"Pennsylvania",75,1044,7.18390804597701,0,0,0,0,0,0,2320,148120000,3.87,0,0,0,"12787641"
"582",620,620,"PA",2018,"Pennsylvania",123,1297,9.4834232845027,0,0,0,0,0,0,2212,124600000,4.22,0,0,0,"12800922"
"583",621,621,"PA",2019,"Pennsylvania",125,1803,6.93288962839712,0,0,0,0,0,0,2559,162180000,4.13,0,0,0,"12801989"
"584",622,622,"PA",2020,"Pennsylvania",143,2378,6.013456686291,0,0,0,0,0,0,2289,1.38e+08,5.51,0,0,0,"12994440"
"585",623,623,"PA",2021,"Pennsylvania",146,2993,4.8780487804878,0,0,0,0,0,0,2838,167310000,6.65,0,0,0,"13012059"
"586",625,625,"RI",2007,"Rhode Island",0,13,0,0,3,2,0,1,0,0,0,4.69764227642276,0,1,1,"1057315"
"587",626,626,"RI",2008,"Rhode Island",0,15,0,0,2,1,0,1,0,0,0,4.69764227642276,0,1,1,"1055003"
"588",627,627,"RI",2009,"Rhode Island",0,12,0,0,1,0,0,1,0,0,0,4.69764227642276,0,1,1,"1053646"
"589",628,628,"RI",2010,"Rhode Island",0,13,0,0,0,0,0,0,0,0,0,4.69764227642276,0,1,1,"1053959"
"590",629,629,"RI",2011,"Rhode Island",0,18,0,1,0,0,0,0,1,0,0,4.69764227642276,0,1,1,"1053649"
"591",630,630,"RI",2012,"Rhode Island",0,55,0,0,0,0,0,0,1,0,0,4.69764227642276,0,1,1,"1054621"
"592",631,631,"RI",2013,"Rhode Island",1,163,0.613496932515337,0,0,0,0,0,1,0,0,4.69764227642276,0,1,1,"1055081"
"593",632,632,"RI",2014,"Rhode Island",0,166,0,0,0,0,0,0,1,0,0,4.69764227642276,0,1,1,"1055936"
"594",633,633,"RI",2015,"Rhode Island",0,197,0,1,0,0,0,0,2,0,0,4.69764227642276,0,1,1,"1056065"
"595",634,634,"RI",2016,"Rhode Island",0,222,0,0,0,0,0,0,1,0,0,4.69764227642276,0,1,1,"1056770"
"596",635,635,"RI",2017,"Rhode Island",0,232,0,0,0,0,0,0,1,0,0,4.69764227642276,0,1,1,"1055673"
"597",636,636,"RI",2018,"Rhode Island",0,263,0,0,0,0,0,0,0,0,0,4.69764227642276,0,1,1,"1058287"
"598",637,637,"RI",2019,"Rhode Island",0,420,0,0,0,0,0,0,0,0,0,4.69764227642276,0,1,1,"1059361"
"599",638,638,"RI",2020,"Rhode Island",0,562,0,0,0,0,0,0,0,0,0,4.69764227642276,0,1,1,"1096345"
"600",639,639,"RI",2021,"Rhode Island",0,637,0,0,0,0,0,0,0,0,0,4.69764227642276,0,1,1,"1096985"
"601",641,641,"SC",2007,"South Carolina",55,159,34.5911949685535,4,5,4,0,1,1,0,35890000,3.88,0,0,0,"4444110"
"602",642,642,"SC",2008,"South Carolina",72,169,42.603550295858,0,5,4,0,1,1,0,19845000,4.59,0,0,0,"4528996"
"603",643,643,"SC",2009,"South Carolina",87,142,61.2676056338028,0,5,4,0,1,1,0,35520000,3.86,0,0,0,"4589872"
"604",644,644,"SC",2010,"South Carolina",101,165,61.2121212121212,0,5,4,0,1,1,0,28140000,5.49,0,0,0,"4635649"
"605",645,645,"SC",2011,"South Carolina",100,246,40.650406504065,0,5,4,0,1,1,0,21450000,6.6,0,0,0,"4671994"
"606",646,646,"SC",2012,"South Carolina",84,370,22.7027027027027,0,3,2,0,1,1,0,37820000,7.5,0,0,0,"4717354"
"607",647,647,"SC",2013,"South Carolina",82,417,19.6642685851319,0,2,2,0,0,1,0,43215000,4.67,0,0,0,"4764080"
"608",648,648,"SC",2014,"South Carolina",71,416,17.0673076923077,1,2,2,0,0,2,0,32760000,3.9,0,0,0,"4823617"
"609",649,649,"SC",2015,"South Carolina",68,493,13.7931034482759,1,3,2,0,1,1,0,24180000,4.06,0,0,0,"4891938"
"610",650,650,"SC",2016,"South Carolina",67,535,12.5233644859813,0,2,2,0,0,1,0,44450000,3.69,0,0,0,"4957968"
"611",651,651,"SC",2017,"South Carolina",64,642,9.96884735202492,0,2,2,0,0,1,0,44200000,4.4,0,0,0,"5021268"
"612",652,652,"SC",2018,"South Carolina",66,706,9.34844192634561,0,2,2,0,0,0,0,39370000,4.5,0,0,0,"5084156"
"613",653,653,"SC",2019,"South Carolina",53,803,6.60024906600249,0,2,2,0,0,0,0,37100000,4.64,0,0,0,"5148714"
"614",654,654,"SC",2020,"South Carolina",49,878,5.58086560364465,0,2,2,0,0,0,0,48840000,4.36,0,0,0,"5131848"
"615",655,655,"SC",2021,"South Carolina",46,999,4.6046046046046,0,0,0,0,0,0,0,52820000,5.94,0,0,0,"5193266"
"616",657,657,"SD",2007,"South Dakota",59,76,77.6315789473684,1,0,0,0,0,1,14163,542080000,4.17,0,0,0,"791623"
"617",658,658,"SD",2008,"South Dakota",78,94,82.9787234042553,2,0,0,0,0,3,18995,585200000,3.78,0,0,0,"799124"
"618",659,659,"SD",2009,"South Dakota",78,96,81.25,1,0,0,0,0,4,22218,706680000,3.23,0,0,0,"807067"
"619",660,660,"SD",2010,"South Dakota",101,121,83.4710743801653,2,1,0,1,0,5,24545,569700000,5.09,0,0,0,"816166"
"620",661,661,"SD",2011,"South Dakota",102,120,85,0,0,0,0,0,5,24250,653400000,6.03,0,0,0,"823579"
"621",662,662,"SD",2012,"South Dakota",100,128,78.125,2,2,1,1,0,4,23403,535300000,6.72,0,0,0,"833566"
"622",663,663,"SD",2013,"South Dakota",87,119,73.109243697479,0,2,1,1,0,1,24398,802820000,4.05,0,0,0,"842316"
"623",664,664,"SD",2014,"South Dakota",82,134,61.1940298507463,0,2,1,1,0,0,24945,787360000,3.34,0,0,0,"849129"
"624",665,665,"SD",2015,"South Dakota",80,129,62.015503875969,0,2,1,1,0,0,26658,799770000,3.3,0,0,0,"853988"
"625",666,666,"SD",2016,"South Dakota",75,145,51.7241379310345,0,2,1,1,0,0,27026,825930000,3.09,0,0,0,"862996"
"626",667,667,"SD",2017,"South Dakota",77,152,50.6578947368421,0,2,1,1,0,0,28199,736600000,3.09,0,0,0,"872868"
"627",668,668,"SD",2018,"South Dakota",77,181,42.5414364640884,0,2,1,1,0,0,28987,777600000,3.38,0,0,0,"878698"
"628",669,669,"SD",2019,"South Dakota",83,233,35.6223175965665,0,2,1,1,0,0,28809,557280000,3.32,0,0,0,"884659"
"629",670,670,"SD",2020,"South Dakota",80,236,33.8983050847458,0,2,1,1,0,0,27664,720900000,4.37,0,0,0,"887799"
"630",671,671,"SD",2021,"South Dakota",83,260,31.9230769230769,0,2,1,1,0,0,31042,734320000,6.11,0,0,0,"896164"
"631",673,673,"TN",2007,"Tennessee",11,118,9.32203389830508,0,1,0,0,1,2,1605,83740000,3.8,0,0,0,"6175727"
"632",674,674,"TN",2008,"Tennessee",25,104,24.0384615384615,4,2,0,1,1,5,1962,74340000,4.53,0,0,0,"6247411"
"633",675,675,"TN",2009,"Tennessee",29,114,25.4385964912281,0,2,0,1,1,5,4072,87320000,3.65,0,0,0,"6306019"
"634",676,676,"TN",2010,"Tennessee",39,170,22.9411764705882,0,1,0,1,0,4,4119,74880000,4.74,0,0,0,"6355311"
"635",677,677,"TN",2011,"Tennessee",44,294,14.9659863945578,0,1,0,1,0,3,4385,96285000,6.56,0,0,0,"6399291"
"636",678,678,"TN",2012,"Tennessee",43,908,4.73568281938326,0,1,0,1,0,3,4001,81600000,7.28,0,0,0,"6453898"
"637",679,679,"TN",2013,"Tennessee",52,1073,4.84622553588071,0,0,0,0,0,2,4157,126360000,4.87,0,0,0,"6494340"
"638",680,680,"TN",2014,"Tennessee",66,1138,5.79964850615114,1,1,0,1,0,2,4184,141120000,3.81,0,0,0,"6541223"
"639",681,681,"TN",2015,"Tennessee",69,1086,6.353591160221,0,1,0,1,0,2,4145,116800000,3.92,0,0,0,"6591170"
"640",682,682,"TN",2016,"Tennessee",79,1216,6.49671052631579,0,1,0,1,0,0,4429,125330000,3.66,0,0,0,"6646010"
"641",683,683,"TN",2017,"Tennessee",81,1271,6.37293469708891,0,1,0,1,0,0,4455,121410000,3.55,0,0,0,"6708799"
"642",684,684,"TN",2018,"Tennessee",78,1343,5.80789277736411,0,1,0,1,0,0,4376,112560000,3.76,0,0,0,"6771631"
"643",685,685,"TN",2019,"Tennessee",73,1381,5.28602461984069,0,0,0,0,0,0,4278,161070000,3.78,0,0,0,"6829174"
"644",686,686,"TN",2020,"Tennessee",89,1525,5.83606557377049,0,0,0,0,0,0,4033,138550000,4.7,0,0,0,"6925619"
"645",687,687,"TN",2021,"Tennessee",95,1830,5.19125683060109,0,0,0,0,0,0,4186,161500000,5.67,0,0,0,"6968351"
"646",689,689,"TX",2007,"Texas",33,635,5.19685039370079,0,1,0,1,0,0,0,291560000,4.35,0,0,0,"23831983"
"647",690,690,"TX",2008,"Texas",35,593,5.90219224283305,1,2,0,2,0,0,4495,239540000,4.82,0,0,0,"24309039"
"648",691,691,"TX",2009,"Texas",41,629,6.51828298887122,2,2,0,2,0,1,3985,243040000,4.01,0,0,0,"24801761"
"649",692,692,"TX",2010,"Texas",48,646,7.43034055727554,1,2,0,1,1,1,4984,299520000,4.67,0,0,0,"25241971"
"650",693,693,"TX",2011,"Texas",58,992,5.84677419354839,0,2,0,1,1,1,5722,133770000,6.61,0,0,0,"25645629"
"651",694,694,"TX",2012,"Texas",80,1940,4.12371134020619,0,2,0,1,1,1,6737,199950000,7.12,0,0,0,"26084481"
"652",695,695,"TX",2013,"Texas",81,2231,3.63065889735545,0,1,0,0,1,1,4987,265200000,5.14,0,0,0,"26480266"
"653",696,696,"TX",2014,"Texas",136,2541,5.35222353404172,0,1,0,0,1,1,7308,294520000,4.42,0,0,0,"26964333"
"654",697,697,"TX",2015,"Texas",197,2864,6.87849162011173,0,0,0,0,0,1,8241,265950000,4.2,0,0,0,"27470056"
"655",698,698,"TX",2016,"Texas",193,3290,5.86626139817629,0,0,0,0,0,1,8500,323850000,3.71,0,0,0,"27914410"
"656",699,699,"TX",2017,"Texas",215,3573,6.01735236495942,0,0,0,0,0,1,8663,313600000,3.7,0,0,0,"28295273"
"657",700,700,"TX",2018,"Texas",220,3968,5.54435483870968,0,0,0,0,0,1,8266,1.89e+08,4.13,0,0,0,"28628666"
"658",701,701,"TX",2019,"Texas",232,4847,4.78646585516815,0,0,0,0,0,0,7165,285950000,4.2,0,0,0,"28995881"
"659",702,702,"TX",2020,"Texas",241,5624,4.28520625889047,1,1,0,1,0,0,5549,231680000,4.52,0,0,0,"29232474"
"660",703,703,"TX",2021,"Texas",269,6278,4.28480407773176,0,1,0,1,0,0,6974,236800000,6.18,0,0,0,"29558864"
"661",705,705,"UT",2007,"Utah",4,93,4.3010752688172,0,0,0,0,0,0,0,3300000,4.18,0,0,0,"2597746"
"662",706,706,"UT",2008,"Utah",5,95,5.26315789473684,0,0,0,0,0,0,0,3611000,4.4,0,0,0,"2663029"
"663",707,707,"UT",2009,"Utah",5,92,5.43478260869565,0,0,0,0,0,0,0,2550000,4.52,0,0,0,"2723421"
"664",708,708,"UT",2010,"Utah",5,109,4.58715596330275,0,0,0,0,0,0,0,4094000,5.75,0,0,0,"2775332"
"665",709,709,"UT",2011,"Utah",4,124,3.2258064516129,0,0,0,0,0,0,0,4920000,6.97,0,0,0,"2814384"
"666",710,710,"UT",2012,"Utah",4,191,2.09424083769634,0,0,0,0,0,0,0,5678000,7.59,0,0,0,"2853375"
"667",711,711,"UT",2013,"Utah",3,200,1.5,0,0,0,0,0,0,0,5270000,5.47,0,0,0,"2897640"
"668",712,712,"UT",2014,"Utah",3,270,1.11111111111111,0,0,0,0,0,0,0,4480000,4.13,0,0,0,"2936879"
"669",713,713,"UT",2015,"Utah",3,417,0.719424460431655,1,0,0,0,0,1,0,2941000,4.68,0,0,0,"2981835"
"670",714,714,"UT",2016,"Utah",1,446,0.224215246636771,0,0,0,0,0,1,0,5075000,3.87,0,0,0,"3041868"
"671",715,715,"UT",2017,"Utah",1,521,0.191938579654511,0,0,0,0,0,1,0,3520000,3.96,0,0,0,"3101042"
"672",716,716,"UT",2018,"Utah",2,662,0.302114803625378,0,0,0,0,0,1,0,4004000,4.31,0,0,0,"3153550"
"673",717,717,"UT",2019,"Utah",2,1044,0.191570881226054,0,0,0,0,0,1,0,3718000,4.3,0,0,0,"3205958"
"674",718,718,"UT",2020,"Utah",2,1710,0.116959064327485,0,0,0,0,0,0,0,4321000,5.35,0,0,0,"3283785"
"675",719,719,"UT",2021,"Utah",1,2059,0.0485672656629432,0,0,0,0,0,0,0,3401000,6.55,0,0,0,"3339113"
"676",721,737,"VT",2007,"Vermont",0,15,0,0,0,0,0,0,0,0,0,4.69764227642276,0,1,1,"623481"
"677",722,738,"VT",2008,"Vermont",0,11,0,0,0,0,0,0,0,0,0,4.69764227642276,0,1,1,"624151"
"678",723,739,"VT",2009,"Vermont",0,10,0,1,0,0,0,0,1,0,0,4.69764227642276,0,1,1,"624817"
"679",724,740,"VT",2010,"Vermont",0,13,0,0,0,0,0,0,1,0,0,4.69764227642276,0,1,1,"625879"
"680",725,741,"VT",2011,"Vermont",0,18,0,1,0,0,0,0,2,0,0,4.69764227642276,0,1,1,"627049"
"681",726,742,"VT",2012,"Vermont",1,37,2.7027027027027,1,0,0,0,0,3,0,0,4.69764227642276,0,1,1,"626090"
"682",727,743,"VT",2013,"Vermont",1,480,0.208333333333333,1,1,1,0,0,2,0,0,4.69764227642276,0,1,1,"626210"
"683",728,744,"VT",2014,"Vermont",1,129,0.775193798449612,0,1,1,0,0,2,0,0,4.69764227642276,0,1,1,"625214"
"684",729,745,"VT",2015,"Vermont",1,285,0.350877192982456,1,1,1,0,0,2,0,0,4.69764227642276,0,1,1,"625216"
"685",730,746,"VT",2016,"Vermont",1,398,0.251256281407035,0,1,1,0,0,1,0,0,4.69764227642276,0,1,1,"623657"
"686",731,747,"VT",2017,"Vermont",0,442,0,1,1,1,0,0,2,0,0,4.69764227642276,0,1,1,"624344"
"687",732,748,"VT",2018,"Vermont",0,542,0,0,0,0,0,0,2,0,0,4.69764227642276,0,1,1,"624358"
"688",733,749,"VT",2019,"Vermont",0,670,0,0,0,0,0,0,2,0,0,4.69764227642276,0,1,1,"623989"
"689",734,750,"VT",2020,"Vermont",0,803,0,0,0,0,0,0,1,0,0,4.69764227642276,0,1,1,"642893"
"690",735,751,"VT",2021,"Vermont",0,877,0,0,0,0,0,0,0,0,0,4.69764227642276,0,1,1,"646972"
"691",737,721,"VA",2007,"Virginia",5,54,9.25925925925926,0,1,0,0,1,0,0,34830000,4.39,0,0,0,"7751000"
"692",738,722,"VA",2008,"Virginia",6,57,10.5263157894737,0,1,0,0,1,0,0,36720000,4.51,0,0,0,"7833496"
"693",739,723,"VA",2009,"Virginia",9,79,11.3924050632911,0,1,0,0,1,0,0,43230000,3.66,0,0,0,"7925937"
"694",740,724,"VA",2010,"Virginia",11,78,14.1025641025641,2,1,0,0,1,2,0,20770000,5.54,0,0,0,"8023699"
"695",741,725,"VA",2011,"Virginia",15,185,8.10810810810811,1,2,1,0,1,2,0,40120000,6.58,0,0,0,"8101155"
"696",742,726,"VA",2012,"Virginia",18,408,4.41176470588235,1,2,1,0,1,3,0,36050000,7.3,0,0,0,"8185080"
"697",743,727,"VA",2013,"Virginia",19,60,31.6666666666667,0,2,1,0,1,3,0,55440000,4.8,0,0,0,"8252427"
"698",744,728,"VA",2014,"Virginia",17,719,2.3643949930459,0,2,1,0,1,1,897,50750000,3.9,0,0,0,"8310993"
"699",745,729,"VA",2015,"Virginia",18,892,2.01793721973094,0,0,0,0,0,0,1012,48300000,4.05,0,0,0,"8361808"
"700",746,730,"VA",2016,"Virginia",22,1139,1.9315188762072,0,0,0,0,0,0,562,50320000,4,0,0,0,"8410106"
"701",747,731,"VA",2017,"Virginia",31,1261,2.45836637589215,0,0,0,0,0,0,1265,47600000,3.96,0,0,0,"8463587"
"702",748,732,"VA",2018,"Virginia",47,1613,2.91382517048977,0,0,0,0,0,0,1086,47450000,4.06,0,0,0,"8501286"
"703",749,733,"VA",2019,"Virginia",58,2238,2.59159964253798,0,0,0,0,0,0,93,54720000,4.1,0,0,0,"8535519"
"704",750,734,"VA",2020,"Virginia",61,2683,2.27357435706299,0,0,0,0,0,0,32,51240000,5.1,0,0,0,"8636471"
"705",751,735,"VA",2021,"Virginia",64,3482,1.83802412406663,0,0,0,0,0,0,0,57600000,6.4,0,0,0,"8657365"
"706",753,753,"WA",2007,"Washington",7,112,6.25,2,2,1,0,1,1,0,24150000,4.5,0,0,0,"6461587"
"707",754,754,"WA",2008,"Washington",14,123,11.3821138211382,1,2,1,0,1,2,0,18450000,4.56,0,0,0,"6562231"
"708",755,755,"WA",2009,"Washington",15,144,10.4166666666667,2,3,1,0,2,3,0,22575000,4.59,0,0,0,"6667426"
"709",756,756,"WA",2010,"Washington",15,142,10.5633802816901,1,4,1,0,3,3,0,25625000,6.08,0,0,0,"6742830"
"710",757,757,"WA",2011,"Washington",19,571,3.32749562171629,1,5,1,0,4,2,0,28125000,6.22,0,0,0,"6826627"
"711",758,758,"WA",2012,"Washington",20,1221,1.63800163800164,1,5,1,0,4,3,0,24725000,6.69,0,0,0,"6897058"
"712",759,759,"WA",2013,"Washington",24,1476,1.6260162601626,0,5,1,0,4,2,0,22575000,5.29,0,0,0,"6963985"
"713",760,760,"WA",2014,"Washington",21,1632,1.28676470588235,0,5,1,0,4,2,0,23650000,4.9,0,0,0,"7054655"
"714",761,761,"WA",2015,"Washington",21,1756,1.19589977220957,0,4,1,0,3,2,0,16125000,4.3,0,0,0,"7163657"
"715",762,762,"WA",2016,"Washington",21,2013,1.04321907600596,1,1,0,0,1,2,0,19975000,4.71,0,0,0,"7294771"
"716",763,763,"WA",2017,"Washington",19,2320,0.818965517241379,0,1,0,0,1,1,0,1.8e+07,4.05,0,0,0,"7423362"
"717",764,764,"WA",2018,"Washington",20,2741,0.729660707770887,0,1,0,0,1,1,0,18700000,4.11,0,0,0,"7523869"
"718",765,765,"WA",2019,"Washington",20,3371,0.593295757935331,0,0,0,0,0,0,0,21330000,4.13,0,0,0,"7614893"
"719",766,766,"WA",2020,"Washington",16,3932,0.406917599186165,0,0,0,0,0,0,0,19380000,4.7,0,0,0,"7724031"
"720",767,767,"WA",2021,"Washington",14,4471,0.31312905390293,0,0,0,0,0,0,0,21080000,6.31,0,0,0,"7740745"
"721",769,785,"WV",2007,"West Virginia",3,12,25,0,0,0,0,0,0,0,2997000,4.6,0,0,0,"1834052"
"722",770,786,"WV",2008,"West Virginia",3,10,30,0,0,0,0,0,0,0,3380000,4.34,0,0,0,"1840310"
"723",771,787,"WV",2009,"West Virginia",3,13,23.0769230769231,0,0,0,0,0,0,0,3780000,3.57,0,0,0,"1847775"
"724",772,788,"WV",2010,"West Virginia",3,14,21.4285714285714,1,0,0,0,0,1,0,2610000,5.75,0,0,0,"1854239"
"725",773,789,"WV",2011,"West Virginia",3,20,15,0,0,0,0,0,1,0,3534000,6.5,0,0,0,"1856301"
"726",774,790,"WV",2012,"West Virginia",4,52,7.69230769230769,0,0,0,0,0,1,0,4480000,7.2,0,0,0,"1856872"
"727",775,791,"WV",2013,"West Virginia",4,430,0.930232558139535,0,0,0,0,0,0,0,5292000,4.7,0,0,0,"1853914"
"728",776,792,"WV",2014,"West Virginia",9,127,7.08661417322835,0,0,0,0,0,0,0,5364000,3.85,0,0,0,"1849489"
"729",777,793,"WV",2015,"West Virginia",9,98,9.18367346938776,0,0,0,0,0,0,0,5180000,3.95,0,0,0,"1842050"
"730",778,794,"WV",2016,"West Virginia",11,126,8.73015873015873,0,0,0,0,0,0,0,5075000,3.9,0,0,0,"1831023"
"731",779,795,"WV",2017,"West Virginia",33,247,13.3603238866397,0,0,0,0,0,0,0,5016000,3.95,0,0,0,"1817004"
"732",780,796,"WV",2018,"West Virginia",33,260,12.6923076923077,1,0,0,0,0,1,0,5016000,4.08,0,0,0,"1804291"
"733",781,797,"WV",2019,"West Virginia",34,295,11.5254237288136,0,0,0,0,0,1,0,6270000,4.1,0,0,0,"1792147"
"734",782,798,"WV",2020,"West Virginia",37,311,11.8971061093248,0,0,0,0,0,1,0,5472000,4.7,0,0,0,"1791420"
"735",783,799,"WV",2021,"West Virginia",38,365,10.4109589041096,0,0,0,0,0,1,0,5472000,6.1,0,0,0,"1785526"
"736",785,769,"WI",2007,"Wisconsin",84,152,55.2631578947368,1,1,1,0,0,4,6759,442800000,4.11,0,0,0,"5610775"
"737",786,770,"WI",2008,"Wisconsin",113,173,65.3179190751445,2,1,1,0,0,5,10652,394560000,3.89,0,0,0,"5640996"
"738",787,771,"WI",2009,"Wisconsin",127,191,66.4921465968586,0,1,1,0,0,5,11000,448290000,3.57,0,0,0,"5669264"
"739",788,772,"WI",2010,"Wisconsin",132,203,65.0246305418719,2,1,1,0,0,7,11629,502200000,5.27,0,0,0,"5690475"
"740",789,773,"WI",2011,"Wisconsin",140,267,52.4344569288389,0,1,1,0,0,4,12354,514600000,6.02,0,0,0,"5705288"
"741",790,774,"WI",2012,"Wisconsin",126,398,31.6582914572864,0,1,1,0,0,2,11956,3.96e+08,6.69,0,0,0,"5719960"
"742",791,775,"WI",2013,"Wisconsin",115,63,182.539682539683,0,1,1,0,0,1,11751,439350000,4.38,0,0,0,"5736754"
"743",792,776,"WI",2014,"Wisconsin",136,561,24.2424242424242,0,0,0,0,0,1,13035,485160000,3.67,0,0,0,"5751525"
"744",793,777,"WI",2015,"Wisconsin",156,670,23.2835820895522,0,0,0,0,0,1,13460,4.92e+08,3.46,0,0,0,"5760940"
"745",794,778,"WI",2016,"Wisconsin",151,734,20.5722070844687,0,0,0,0,0,1,13827,573160000,3.28,0,0,0,"5772628"
"746",795,779,"WI",2017,"Wisconsin",157,790,19.873417721519,0,0,0,0,0,1,14333,509820000,3.3,0,0,0,"5790186"
"747",796,780,"WI",2018,"Wisconsin",212,900,23.5555555555556,0,0,0,0,0,1,15113,545240000,3.52,0,0,0,"5807406"
"748",797,781,"WI",2019,"Wisconsin",227,1059,21.4353163361662,0,0,0,0,0,0,15000,443220000,3.43,0,0,0,"5822434"
"749",798,782,"WI",2020,"Wisconsin",256,1202,21.2978369384359,0,1,0,1,0,0,10990,506890000,4.44,0,0,0,"5896271"
"750",799,783,"WI",2021,"Wisconsin",261,1310,19.9236641221374,1,1,0,1,0,0,12600,5.4e+08,6,0,0,0,"5880101"
"751",801,801,"WY",2007,"Wyoming",5,58,8.62068965517241,0,1,1,0,0,0,120,7740000,3.12,0,0,0,"534876"
"752",802,802,"WY",2008,"Wyoming",6,55,10.9090909090909,0,1,1,0,0,0,150,6968000,4.25,0,0,0,"546043"
"753",803,803,"WY",2009,"Wyoming",6,51,11.7647058823529,0,1,1,0,0,0,155,6300000,4.06,0,0,0,"559851"
"754",804,804,"WY",2010,"Wyoming",6,52,11.5384615384615,0,0,0,0,0,0,175,6150000,5.31,0,0,0,"564487"
"755",805,805,"WY",2011,"Wyoming",5,48,10.4166666666667,1,0,0,0,0,1,269,9100000,6.2,0,0,0,"567299"
"756",806,806,"WY",2012,"Wyoming",9,53,16.9811320754717,0,0,0,0,0,1,314,8520000,7.05,0,0,0,"576305"
"757",807,807,"WY",2013,"Wyoming",9,52,17.3076923076923,0,0,0,0,0,1,317,8509000,4.08,0,0,0,"582122"
"758",808,808,"WY",2014,"Wyoming",10,69,14.4927536231884,0,0,0,0,0,1,303,8280000,3.8,0,0,0,"582531"
"759",809,809,"WY",2015,"Wyoming",11,98,11.2244897959184,0,0,0,0,0,1,209,9381000,3.44,0,0,0,"585613"
"760",810,810,"WY",2016,"Wyoming",10,129,7.75193798449612,1,1,0,1,0,0,0,10143000,3.39,0,0,0,"584215"
"761",811,811,"WY",2017,"Wyoming",12,149,8.05369127516778,0,1,0,1,0,0,0,9765000,3.35,0,0,0,"578931"
"762",812,812,"WY",2018,"Wyoming",12,179,6.70391061452514,0,0,0,0,0,0,0,11480000,3.69,0,0,0,"577601"
"763",813,813,"WY",2019,"Wyoming",11,203,5.41871921182266,1,1,0,1,0,0,0,8241000,3.45,0,0,0,"578759"
"764",814,814,"WY",2020,"Wyoming",10,213,4.69483568075117,0,1,0,1,0,0,0,6588000,3.95,0,0,0,"577605"
"765",815,815,"WY",2021,"Wyoming",9,222,4.05405405405405,0,1,0,1,0,0,0,10428000,6,0,0,0,"579483"
