"","X.1","X","state","year","e85","total_stations","enacted","incentives","tax_incentives","grant_incentives","other_incentives","regulations","eth.production","corn.production","corn.prices","state_abb","missing_eth","missing_corn_prod","missing_corn_prices","population"
"1",1,12,"Alabama",2007,3,71,1,0,0,0,0,1,0,21840000,4.54,"AL",0,0,0,"4672840"
"2",2,11,"Alabama",2008,6,60,1,1,0,0,1,1,0,24440000,5.26,"AL",0,0,0,"4718206"
"3",3,2,"Alabama",2009,16,191,2,2,1,0,1,2,0,2.7e+07,3.89,"AL",0,0,0,"4757938"
"4",4,7,"Alabama",2010,15,153,0,2,1,0,1,2,0,28750000,5.07,"AL",0,0,0,"4785437"
"5",5,6,"Alabama",2011,0,9,0,2,1,0,1,2,0,28500000,6.32,"AL",0,0,0,"4799069"
"6",6,9,"Alabama",2012,0,12,0,2,1,0,1,2,0,28910000,7.18,"AL",0,0,0,"4815588"
"7",7,15,"Alabama",2013,0,10,0,1,1,0,0,1,0,43365000,4.71,"AL",0,0,0,"4830081"
"8",8,10,"Alabama",2014,32,259,0,1,1,0,0,1,0,45315000,3.75,"AL",0,0,0,"4841799"
"9",9,13,"Alabama",2015,31,375,0,1,1,0,0,1,0,36015000,3.74,"AL",0,0,0,"4852347"
"10",10,3,"Alabama",2016,32,390,0,0,0,0,0,1,0,37800000,3.63,"AL",0,0,0,"4863525"
"11",11,5,"Alabama",2017,39,489,0,0,0,0,0,1,0,39245000,4.04,"AL",0,0,0,"4874486"
"12",12,16,"Alabama",2018,40,558,0,0,0,0,0,0,0,37686666.6666667,3.80333333333333,"AL",1,1,1,"4887681"
"13",13,8,"Alabama",2019,34,651,0,0,0,0,0,0,0,38243888.8888889,3.82444444444444,"AL",1,1,1,"4903185"
"14",14,14,"Alabama",2020,29,736,0,0,0,0,0,0,0,38391851.8518519,3.88925925925926,"AL",1,1,1,"5031362"
"15",15,4,"Alabama",2021,33,823,0,0,0,0,0,0,0,38107469.1358025,3.83901234567901,"AL",1,1,1,"5049846"
"16",16,1,"Alabama",2022,31,983,0,0,0,0,0,0,0,38247736.6255144,3.85090534979424,"AL",1,1,1,"5074296"
"17",17,21,"Alaska",2007,0,11,1,0,0,0,0,1,0,0,0,"AK",0,1,1,"680300"
"18",18,18,"Alaska",2008,0,11,0,0,0,0,0,1,0,0,0,"AK",0,1,1,"687455"
"19",19,17,"Alaska",2009,0,11,0,0,0,0,0,1,0,0,0,"AK",0,1,1,"698895"
"20",20,32,"Alaska",2010,0,11,0,0,0,0,0,1,0,0,0,"AK",0,1,1,"713910"
"21",21,25,"Alaska",2011,20,148,0,0,0,0,0,1,0,0,0,"AK",0,1,1,"722128"
"22",22,28,"Alaska",2012,28,198,0,0,0,0,0,0,0,0,0,"AK",1,1,1,"730443"
"23",23,31,"Alaska",2013,29,225,0,0,0,0,0,0,0,0,0,"AK",1,1,1,"737068"
"24",24,19,"Alaska",2014,0,8,0,0,0,0,0,0,0,0,0,"AK",1,1,1,"736283"
"25",25,26,"Alaska",2015,0,11,0,0,0,0,0,0,0,0,0,"AK",1,1,1,"737498"
"26",26,23,"Alaska",2016,0,13,0,0,0,0,0,0,0,0,0,"AK",1,1,1,"741456"
"27",27,30,"Alaska",2017,0,19,0,0,0,0,0,0,0,0,0,"AK",1,1,1,"739700"
"28",28,29,"Alaska",2018,0,18,0,0,0,0,0,0,0,0,0,"AK",1,1,1,"735139"
"29",29,27,"Alaska",2019,0,40,0,0,0,0,0,0,0,0,0,"AK",1,1,1,"731545"
"30",30,22,"Alaska",2020,0,49,0,0,0,0,0,0,0,0,0,"AK",1,1,1,"732923"
"31",31,24,"Alaska",2021,0,97,0,0,0,0,0,0,0,0,0,"AK",1,1,1,"734182"
"32",32,20,"Alaska",2022,0,118,0,0,0,0,0,0,0,0,0,"AK",1,1,1,"733583"
"33",33,34,"Arizona",2007,13,134,0,0,0,0,0,0,177,3531666.66666667,5.24666666666667,"AZ",1,1,1,"6167681"
"34",34,44,"Arizona",2008,23,135,1,1,0,1,0,0,1290,2475000,5.8,"AZ",0,0,0,"6280362"
"35",35,35,"Arizona",2009,26,143,0,1,0,1,0,0,1308,3500000,4.14,"AZ",0,0,0,"6343154"
"36",36,40,"Arizona",2010,32,157,1,1,0,1,0,1,1176,4620000,5.8,"AZ",0,0,0,"6407172"
"37",37,33,"Arizona",2011,20,91,0,1,0,1,0,1,1144,6230000,6.78,"AZ",0,0,0,"6472643"
"38",38,39,"Arizona",2012,33,122,1,1,0,1,0,2,807,6240000,7.84,"AZ",0,0,0,"6554978"
"39",39,48,"Arizona",2013,30,120,0,1,0,1,0,2,0,9027000,5.89,"AZ",0,0,0,"6632764"
"40",40,42,"Arizona",2014,30,999,0,1,0,1,0,2,1057,5880000,5.36,"AZ",0,0,0,"6730413"
"41",41,37,"Arizona",2015,30,1059,0,0,0,0,0,2,1154,7560000,4.98,"AZ",0,0,0,"6829676"
"42",42,45,"Arizona",2016,25,1254,0,0,0,0,0,2,1078,10750000,4.73,"AZ",0,0,0,"6941072"
"43",43,43,"Arizona",2017,21,1290,0,0,0,0,0,1,1155,6240000,4.55,"AZ",0,0,0,"7044008"
"44",44,41,"Arizona",2018,22,1447,0,0,0,0,0,1,1184,4400000,4.96,"AZ",0,0,0,"7158024"
"45",45,46,"Arizona",2019,22,1690,0,0,0,0,0,1,531,8547000,5.4,"AZ",0,0,0,"7278717"
"46",46,38,"Arizona",2020,20,1989,0,0,0,0,0,1,0,5858000,5.4,"AZ",0,0,0,"7179943"
"47",47,36,"Arizona",2021,19,2457,0,0,0,0,0,1,0,3258000,7.65,"AZ",0,0,0,"7264877"
"48",48,47,"Arizona",2022,17,2829,0,0,0,0,0,0,177,5887666.66666667,6.15,"AZ",1,1,1,"7359197"
"49",49,54,"Arkansas",2007,4,51,0,1,0,0,1,0,0,99710000,3.8,"AR",0,0,0,"2848650"
"50",50,58,"Arkansas",2008,7,49,0,0,0,0,0,0,0,72463333.3333333,4.04666666666667,"AR",1,1,1,"2874554"
"51",51,52,"Arkansas",2009,10,63,1,1,0,0,1,0,0,60680000,3.79,"AR",0,0,0,"2896843"
"52",52,57,"Arkansas",2010,13,75,0,1,0,0,1,0,0,5.7e+07,4.55,"AR",0,0,0,"2921964"
"53",53,56,"Arkansas",2011,33,189,0,1,0,0,1,0,0,73320000,6.27,"AR",0,0,0,"2940667"
"54",54,49,"Arkansas",2012,32,682,1,1,0,0,1,1,0,123710000,6.81,"AR",0,0,0,"2952164"
"55",55,64,"Arkansas",2013,31,921,0,1,0,0,1,1,0,161820000,5.12,"AR",0,0,0,"2959400"
"56",56,50,"Arkansas",2014,43,155,0,1,0,0,1,1,0,99110000,4.13,"AR",0,0,0,"2967392"
"57",57,61,"Arkansas",2015,47,182,0,1,0,0,1,1,0,80545000,4.11,"AR",0,0,0,"2978048"
"58",58,51,"Arkansas",2016,44,203,0,0,0,0,0,1,0,127395000,3.69,"AR",0,0,0,"2989918"
"59",59,63,"Arkansas",2017,43,217,0,0,0,0,0,0,0,102350000,3.97666666666667,"AR",1,1,1,"3001345"
"60",60,60,"Arkansas",2018,43,224,0,0,0,0,0,0,0,103430000,3.92555555555556,"AR",1,1,1,"3009733"
"61",61,62,"Arkansas",2019,47,394,0,0,0,0,0,0,0,111058333.333333,3.86407407407407,"AR",1,1,1,"3017804"
"62",62,53,"Arkansas",2020,50,455,0,0,0,0,0,0,0,105612777.777778,3.9220987654321,"AR",1,1,1,"3014195"
"63",63,55,"Arkansas",2021,70,590,0,0,0,0,0,0,0,106700370.37037,3.90390946502058,"AR",1,1,1,"3028122"
"64",64,59,"Arkansas",2022,74,735,0,0,0,0,0,0,0,107790493.82716,3.89669410150892,"AR",1,1,1,"3045637"
"65",65,70,"California",2007,6,856,0,1,0,0,1,1,2128,34580000,4.28,"CA",0,0,0,"36250311"
"66",66,73,"California",2008,13,862,0,1,0,0,1,1,2270,33150000,4.77,"CA",0,0,0,"36604337"
"67",67,67,"California",2009,45,937,0,1,0,0,1,1,1178,28800000,4.28,"CA",0,0,0,"36961229"
"68",68,68,"California",2010,54,1011,0,0,0,0,0,1,1443,34560000,5.08,"CA",0,0,0,"37319502"
"69",69,72,"California",2011,58,2006,0,0,0,0,0,0,3211.66666666667,32170000,4.71,"CA",1,1,1,"37638369"
"70",70,76,"California",2012,71,4261,0,0,0,0,0,0,3211.66666666667,27468333.3333333,4.86666666666667,"CA",1,1,1,"37948800"
"71",71,66,"California",2013,88,5903,0,0,0,0,0,0,3211.66666666667,25104444.4444444,4.79555555555556,"CA",1,1,1,"38260787"
"72",72,80,"California",2014,94,7758,1,0,0,0,0,1,4514,15675000,4.81,"CA",0,0,0,"38596972"
"73",73,69,"California",2015,107,11242,1,1,0,0,1,1,4650,9420000,4.39,"CA",0,0,0,"38918045"
"74",74,77,"California",2016,119,14969,1,1,0,0,1,2,4717,18500000,4.69,"CA",0,0,0,"39167117"
"75",75,78,"California",2017,147,17426,0,1,0,0,1,2,5051,13360000,4.2,"CA",0,0,0,"39358497"
"76",76,71,"California",2018,161,22010,0,1,0,0,1,2,5170,11245000,4.4,"CA",0,0,0,"39461588"
"77",77,74,"California",2019,195,28038,0,0,0,0,0,1,4632,10080000,4.6,"CA",0,0,0,"39512223"
"78",78,79,"California",2020,198,35527,0,0,0,0,0,1,2710,11220000,4.75,"CA",0,0,0,"39501653"
"79",79,75,"California",2021,264,42193,0,0,0,0,0,1,2293,9400000,7.3,"CA",0,0,0,"39142991"
"80",80,65,"California",2022,326,44987,0,0,0,0,0,1,3211.66666666667,10233333.3333333,5.55,"CA",1,1,1,"39029342"
"81",81,86,"Colorado",2007,45,157,3,2,1,1,0,1,2196,148400000,3.96,"CO",0,0,0,"4803868"
"82",82,81,"Colorado",2008,65,144,1,2,1,1,0,2,2932,138370000,4.14,"CO",0,0,0,"4889730"
"83",83,91,"Colorado",2009,80,168,0,2,1,1,0,2,2974,151470000,3.68,"CO",0,0,0,"4972195"
"84",84,82,"Colorado",2010,86,179,0,2,1,1,0,2,3362,182710000,4.98,"CO",0,0,0,"5047349"
"85",85,85,"Colorado",2011,83,213,0,2,1,1,0,1,3424,172900000,6.15,"CO",0,0,0,"5121108"
"86",86,88,"Colorado",2012,84,407,0,1,0,1,0,1,3409,134330000,6.86,"CO",0,0,0,"5192647"
"87",87,96,"Colorado",2013,85,449,0,1,0,1,0,0,3447,128380000,4.61,"CO",0,0,0,"5269035"
"88",88,89,"Colorado",2014,86,647,1,2,0,2,0,0,3324,147460000,3.95,"CO",0,0,0,"5350101"
"89",89,93,"Colorado",2015,89,921,0,2,0,2,0,0,3479,134900000,3.69,"CO",0,0,0,"5450623"
"90",90,87,"Colorado",2016,88,1201,2,1,0,1,0,2,3413,160290000,3.42,"CO",0,0,0,"5539215"
"91",91,94,"Colorado",2017,91,1590,0,1,0,1,0,2,3477,185900000,3.37,"CO",0,0,0,"5611885"
"92",92,83,"Colorado",2018,81,1986,0,1,0,1,0,2,3457,154700000,3.7,"CO",0,0,0,"5691287"
"93",93,92,"Colorado",2019,84,2697,0,0,0,0,0,2,3287,159900000,3.68,"CO",0,0,0,"5758736"
"94",94,95,"Colorado",2020,88,3417,0,0,0,0,0,1,3212,122960000,4.62,"CO",0,0,0,"5784865"
"95",95,90,"Colorado",2021,96,4163,0,0,0,0,0,0,3318.66666666667,145853333.333333,4,"CO",1,1,1,"5811297"
"96",96,84,"Colorado",2022,95,4589,0,0,0,0,0,0,3272.55555555556,142904444.444444,4.1,"CO",1,1,1,"5839926"
"97",97,104,"Connecticut",2007,2,32,0,0,0,0,0,0,0,0,0,"CT",1,1,1,"3527270"
"98",98,106,"Connecticut",2008,4,31,0,0,0,0,0,0,0,0,0,"CT",1,1,1,"3545579"
"99",99,105,"Connecticut",2009,4,31,0,0,0,0,0,0,0,0,0,"CT",1,1,1,"3561807"
"100",100,110,"Connecticut",2010,1,37,1,1,0,1,0,0,0,0,0,"CT",0,1,1,"3579114"
"101",101,103,"Connecticut",2011,0,75,0,1,0,1,0,0,0,0,0,"CT",0,1,1,"3588283"
"102",102,100,"Connecticut",2012,1,187,0,1,0,1,0,0,0,0,0,"CT",0,1,1,"3594547"
"103",103,99,"Connecticut",2013,1,254,0,1,0,1,0,0,0,0,0,"CT",0,1,1,"3594841"
"104",104,102,"Connecticut",2014,3,399,0,1,0,1,0,0,0,0,0,"CT",0,1,1,"3594524"
"105",105,109,"Connecticut",2015,4,542,0,1,0,1,0,0,0,0,0,"CT",0,1,1,"3587122"
"106",106,112,"Connecticut",2016,4,774,0,1,0,1,0,0,0,0,0,"CT",0,1,1,"3578141"
"107",107,107,"Connecticut",2017,4,838,0,1,0,1,0,0,0,0,0,"CT",0,1,1,"3573297"
"108",108,111,"Connecticut",2018,4,889,0,1,0,1,0,0,0,0,0,"CT",0,1,1,"3571520"
"109",109,108,"Connecticut",2019,3,1093,0,1,0,1,0,0,0,0,0,"CT",0,1,1,"3565287"
"110",110,98,"Connecticut",2020,3,1283,0,1,0,1,0,0,0,0,0,"CT",0,1,1,"3597362"
"111",111,97,"Connecticut",2021,3,1472,0,1,0,1,0,0,0,0,0,"CT",0,1,1,"3623355"
"112",112,101,"Connecticut",2022,3,1673,0,0,0,0,0,0,0,0,0,"CT",1,1,1,"3626205"
"113",113,123,"Delaware",2007,1,8,0,0,0,0,0,0,0,22470666.6666667,6.89666666666667,"DE",1,1,1,"871749"
"114",114,121,"Delaware",2008,1,7,0,0,0,0,0,0,0,21950888.8888889,6.67888888888889,"DE",1,1,1,"883874"
"115",115,119,"Delaware",2009,1,7,0,0,0,0,0,0,0,21381185.1851852,6.59518518518519,"DE",1,1,1,"891730"
"116",116,117,"Delaware",2010,1,8,1,0,0,0,0,1,0,19722000,6.21,"DE",0,0,0,"899593"
"117",117,115,"Delaware",2011,1,6,0,0,0,0,0,1,0,23660000,6.93,"DE",0,0,0,"907381"
"118",118,116,"Delaware",2012,1,20,0,0,0,0,0,1,0,24030000,7.55,"DE",0,0,0,"915179"
"119",119,128,"Delaware",2013,1,27,0,0,0,0,0,1,0,28884000,4.94,"DE",0,0,0,"923576"
"120",120,122,"Delaware",2014,1,37,0,0,0,0,0,1,0,33600000,3.83,"DE",0,0,0,"932487"
"121",121,118,"Delaware",2015,1,67,0,0,0,0,0,0,0,28838000,5.44,"DE",1,1,1,"941252"
"122",122,120,"Delaware",2016,1,80,0,0,0,0,0,0,0,30440666.6666667,4.73666666666667,"DE",1,1,1,"948921"
"123",123,126,"Delaware",2017,1,115,0,0,0,0,0,0,0,30959555.5555556,4.66888888888889,"DE",1,1,1,"956823"
"124",124,127,"Delaware",2018,1,145,0,0,0,0,0,0,0,30079407.4074074,4.94851851851852,"DE",1,1,1,"965479"
"125",125,113,"Delaware",2019,1,186,0,0,0,0,0,0,0,30493209.8765432,4.78469135802469,"DE",1,1,1,"973764"
"126",126,125,"Delaware",2020,1,220,0,0,0,0,0,0,0,30510724.2798354,4.80069958847737,"DE",1,1,1,"992114"
"127",127,114,"Delaware",2021,1,327,0,0,0,0,0,0,0,30361113.8545953,4.84463648834019,"DE",1,1,1,"1004807"
"128",128,124,"Delaware",2022,2,391,0,0,0,0,0,0,0,30455016.003658,4.81000914494742,"DE",1,1,1,"1018396"
"129",129,139,"District of Columbia",2007,3,6,0,0,0,0,0,0,0,0,0,"DC",1,1,1,"574404"
"130",130,136,"District of Columbia",2008,3,6,0,0,0,0,0,0,0,0,0,"DC",1,1,1,"580236"
"131",131,129,"District of Columbia",2009,3,7,0,0,0,0,0,0,0,0,0,"DC",1,1,1,"592228"
"132",132,134,"District of Columbia",2010,3,8,0,0,0,0,0,0,0,0,0,"DC",1,1,1,"605226"
"133",133,138,"District of Columbia",2011,3,58,0,0,0,0,0,0,0,0,0,"DC",1,1,1,"619800"
"134",134,140,"District of Columbia",2012,3,112,0,0,0,0,0,0,0,0,0,"DC",1,1,1,"634924"
"135",135,141,"District of Columbia",2013,3,74,0,0,0,0,0,0,0,0,0,"DC",1,1,1,"650581"
"136",136,137,"District of Columbia",2014,3,146,0,0,0,0,0,0,0,0,0,"DC",1,1,1,"662328"
"137",137,143,"District of Columbia",2015,3,246,0,0,0,0,0,0,0,0,0,"DC",1,1,1,"675400"
"138",138,142,"District of Columbia",2016,4,258,0,0,0,0,0,0,0,0,0,"DC",1,1,1,"685815"
"139",139,135,"District of Columbia",2017,3,272,0,0,0,0,0,0,0,0,0,"DC",1,1,1,"694906"
"140",140,144,"District of Columbia",2018,3,346,0,0,0,0,0,0,0,0,0,"DC",1,1,1,"701547"
"141",141,131,"District of Columbia",2019,3,566,1,0,0,0,0,1,0,0,0,"DC",0,1,1,"705749"
"142",142,130,"District of Columbia",2020,3,713,0,0,0,0,0,1,0,0,0,"DC",0,1,1,"670868"
"143",143,133,"District of Columbia",2021,4,842,0,0,0,0,0,0,0,0,0,"DC",1,1,1,"668791"
"144",144,132,"District of Columbia",2022,4,992,0,0,0,0,0,0,0,0,0,"DC",1,1,1,"671803"
"145",145,157,"Florida",2007,11,94,0,1,0,0,1,0,0,3150000,4,"FL",0,0,0,"18367842"
"146",146,156,"Florida",2008,18,97,3,1,0,0,1,3,0,3850000,4.5,"FL",0,0,0,"18527305"
"147",147,151,"Florida",2009,30,125,2,1,0,0,1,5,0,3589000,4,"FL",0,0,0,"18652644"
"148",148,149,"Florida",2010,42,154,0,1,0,0,1,5,0,2725000,4.7,"FL",0,0,0,"18845537"
"149",149,153,"Florida",2011,62,520,0,0,0,0,0,5,0,3432000,6.65,"FL",0,0,0,"19053237"
"150",150,152,"Florida",2012,51,1024,1,1,1,0,0,3,0,4600000,7.5,"FL",0,0,0,"19297822"
"151",151,154,"Florida",2013,54,1165,0,1,1,0,0,3,0,10374000,4.51,"FL",0,0,0,"19545621"
"152",152,145,"Florida",2014,62,1446,0,1,1,0,0,0,0,5400000,3.65,"FL",0,0,0,"19845911"
"153",153,158,"Florida",2015,74,2006,1,2,1,1,0,0,0,7050000,3.8,"FL",0,0,0,"20209042"
"154",154,159,"Florida",2016,74,2429,0,2,1,1,0,0,0,5800000,3.93,"FL",0,0,0,"20613477"
"155",155,147,"Florida",2017,82,2802,0,1,0,1,0,0,0,5957000,4.47,"FL",0,0,0,"20963613"
"156",156,146,"Florida",2018,88,3330,0,1,0,1,0,0,0,9734000,4.47,"FL",0,0,0,"21244317"
"157",157,150,"Florida",2019,88,4858,0,1,0,1,0,0,0,8694000,4.39,"FL",0,0,0,"21477737"
"158",158,155,"Florida",2020,94,5794,0,0,0,0,0,0,0,8128333.33333333,4.44333333333333,"FL",1,1,1,"21589602"
"159",159,148,"Florida",2021,111,7039,0,0,0,0,0,0,0,8852111.11111111,4.43444444444444,"FL",1,1,1,"21828069"
"160",160,160,"Florida",2022,143,8130,0,0,0,0,0,0,0,8558148.14814815,4.42259259259259,"FL",1,1,1,"22244823"
"161",161,162,"Georgia",2007,11,96,2,2,0,1,1,1,10,57150000,4.5,"GA",0,0,0,"9349988"
"162",162,175,"Georgia",2008,28,111,0,2,0,1,1,1,596,43400000,4.5,"GA",0,0,0,"9504843"
"163",163,163,"Georgia",2009,37,122,0,2,0,1,1,1,2388,51800000,4.1,"GA",0,0,0,"9620846"
"164",164,174,"Georgia",2010,41,133,0,1,0,0,1,1,2329,35770000,5.95,"GA",0,0,0,"9711881"
"165",165,164,"Georgia",2011,51,194,1,2,0,0,2,1,1875,42930000,7.3,"GA",0,0,0,"9802431"
"166",166,167,"Georgia",2012,59,347,0,2,0,0,2,1,1423,55800000,7.9,"GA",0,0,0,"9901430"
"167",167,169,"Georgia",2013,61,539,0,1,0,0,1,1,1347,81375000,5.17,"GA",0,0,0,"9972479"
"168",168,171,"Georgia",2014,52,836,0,1,0,0,1,1,2137,52700000,4.17,"GA",0,0,0,"10067278"
"169",169,173,"Georgia",2015,58,1372,1,2,1,0,1,0,2334,48735000,3.9,"GA",0,0,0,"10178447"
"170",170,172,"Georgia",2016,56,1736,0,0,0,0,0,0,2421,60936666.6666667,4.41333333333333,"GA",1,1,1,"10301890"
"171",171,170,"Georgia",2017,53,2120,0,0,0,0,0,0,2515.66666666667,55223888.8888889,4.28111111111111,"GA",1,1,1,"10410330"
"172",172,161,"Georgia",2018,54,2406,0,0,0,0,0,0,2576.22222222222,57386851.8518519,4.40814814814815,"GA",1,1,1,"10511131"
"173",173,176,"Georgia",2019,52,3140,1,0,0,0,0,1,2792,5.6e+07,4.53,"GA",0,0,0,"10617423"
"174",174,165,"Georgia",2020,66,3861,0,0,0,0,0,0,2627.96296296296,56203580.2469136,4.40641975308642,"GA",1,1,1,"10729828"
"175",175,168,"Georgia",2021,67,4142,0,0,0,0,0,0,2665.39506172839,56530144.0329218,4.44818930041152,"GA",1,1,1,"10788029"
"176",176,166,"Georgia",2022,58,4308,0,0,0,0,0,0,2695.11934156379,56244574.7599451,4.46153635116598,"GA",1,1,1,"10912876"
"177",177,187,"Hawaii",2007,0,16,2,2,2,0,0,3,0,0,0,"HI",0,1,1,"1315675"
"178",178,189,"Hawaii",2008,0,15,1,2,2,0,0,4,0,0,0,"HI",0,1,1,"1332213"
"179",179,178,"Hawaii",2009,0,12,0,2,2,0,0,4,0,0,0,"HI",0,1,1,"1346717"
"180",180,181,"Hawaii",2010,1,17,1,2,2,0,0,2,0,0,0,"HI",0,1,1,"1363963"
"181",181,186,"Hawaii",2011,1,73,0,2,2,0,0,2,0,0,0,"HI",0,1,1,"1379329"
"182",182,180,"Hawaii",2012,3,333,1,1,1,0,0,3,0,0,0,"HI",0,1,1,"1394804"
"183",183,190,"Hawaii",2013,3,370,0,1,1,0,0,3,0,0,0,"HI",0,1,1,"1408243"
"184",184,184,"Hawaii",2014,3,449,0,1,1,0,0,3,0,0,0,"HI",0,1,1,"1414538"
"185",185,177,"Hawaii",2015,3,511,0,1,1,0,0,2,0,0,0,"HI",0,1,1,"1422052"
"186",186,185,"Hawaii",2016,2,587,1,2,2,0,0,1,0,0,0,"HI",0,1,1,"1427559"
"187",187,179,"Hawaii",2017,2,646,0,1,1,0,0,1,0,0,0,"HI",0,1,1,"1424393"
"188",188,191,"Hawaii",2018,2,554,0,1,1,0,0,1,0,0,0,"HI",0,1,1,"1420593"
"189",189,192,"Hawaii",2019,2,680,0,1,1,0,0,1,0,0,0,"HI",0,1,1,"1415872"
"190",190,183,"Hawaii",2020,2,773,0,1,1,0,0,0,0,0,0,"HI",0,1,1,"1451043"
"191",191,182,"Hawaii",2021,1,845,0,1,1,0,0,0,0,0,0,"HI",0,1,1,"1447154"
"192",192,188,"Hawaii",2022,1,955,0,0,0,0,0,0,0,0,0,"HI",1,1,1,"1440196"
"193",193,202,"Idaho",2007,4,73,3,3,2,1,0,0,40,17850000,4.96,"ID",0,0,0,"1505105"
"194",194,205,"Idaho",2008,5,44,0,3,2,1,0,0,876,13600000,4.32,"ID",0,0,0,"1534320"
"195",195,197,"Idaho",2009,5,51,0,3,2,1,0,0,293,14800000,4.23,"ID",0,0,0,"1554439"
"196",196,195,"Idaho",2010,7,58,0,1,1,0,0,0,1452,20900000,5.27,"ID",0,0,0,"1570746"
"197",197,201,"Idaho",2011,167,215,0,1,1,0,0,0,1479,22680000,6.96,"ID",0,0,0,"1583910"
"198",198,196,"Idaho",2012,188,289,0,0,0,0,0,0,1074.66666666667,19460000,5.48666666666667,"ID",1,1,1,"1595324"
"199",199,203,"Idaho",2013,186,305,0,0,0,0,0,0,1335.22222222222,21013333.3333333,5.90555555555556,"ID",1,1,1,"1611206"
"200",200,204,"Idaho",2014,8,78,0,0,0,0,0,0,1296.2962962963,21051111.1111111,6.11740740740741,"ID",1,1,1,"1631112"
"201",201,198,"Idaho",2015,7,131,0,0,0,0,0,0,1235.3950617284,20508148.1481481,5.83654320987654,"ID",1,1,1,"1651059"
"202",202,193,"Idaho",2016,6,193,0,0,0,0,0,0,1288.97119341564,20857530.8641975,5.95316872427984,"ID",1,1,1,"1682380"
"203",203,194,"Idaho",2017,5,221,0,0,0,0,0,0,1273.55418381344,20805596.7078189,5.96903978052126,"ID",1,1,1,"1717715"
"204",204,199,"Idaho",2018,6,223,0,0,0,0,0,0,1265.97347965249,20723758.5733882,5.91958390489255,"ID",1,1,1,"1750536"
"205",205,200,"Idaho",2019,4,261,0,0,0,0,0,0,1276.16628562719,20795628.7151349,5.94726413656455,"ID",1,1,1,"1787065"
"206",206,207,"Idaho",2020,5,324,0,0,0,0,0,0,1271.89798303104,20774994.6654473,5.94529594065945,"ID",1,1,1,"1849202"
"207",207,208,"Idaho",2021,5,385,0,0,0,0,0,0,1271.34591610358,20764793.9846568,5.93738132737218,"ID",1,1,1,"1904314"
"208",208,206,"Idaho",2022,4,419,0,0,0,0,0,0,1273.13672825394,20778472.4550797,5.94331380153206,"ID",1,1,1,"1939033"
"209",209,221,"Illinois",2007,159,244,2,3,0,0,3,5,21566,2283750000,4.09,"IL",0,0,0,"12695866"
"210",210,210,"Illinois",2008,181,262,1,3,0,0,3,6,23988,2130100000,4.01,"IL",0,0,0,"12747038"
"211",211,217,"Illinois",2009,204,311,2,3,0,0,3,8,30498,2053200000,3.53,"IL",0,0,0,"12796778"
"212",212,219,"Illinois",2010,219,341,3,3,0,1,2,9,35621,1946800000,5.24,"IL",0,0,0,"12840503"
"213",213,216,"Illinois",2011,9,74,0,3,0,1,2,7,35493,1938950000,6.25,"IL",0,0,0,"12867454"
"214",214,214,"Illinois",2012,9,62,0,3,0,1,2,7,35647,1286250000,6.87,"IL",0,0,0,"12882510"
"215",215,222,"Illinois",2013,9,66,0,3,0,1,2,5,36403,2100400000,4.52,"IL",0,0,0,"12895129"
"216",216,220,"Illinois",2014,234,1200,1,4,0,1,3,5,37807,2.35e+09,3.71,"IL",0,0,0,"12884493"
"217",217,211,"Illinois",2015,247,1357,1,5,0,2,3,2,37062,2012500000,3.69,"IL",0,0,0,"12858913"
"218",218,213,"Illinois",2016,263,1593,0,6,0,3,3,2,41078,2255650000,3.43,"IL",0,0,0,"12820527"
"219",219,218,"Illinois",2017,270,1691,1,5,0,2,3,2,39548,2200950000,3.41,"IL",0,0,0,"12778828"
"220",220,223,"Illinois",2018,280,1853,0,1,0,0,1,2,36449,2.268e+09,3.62,"IL",0,0,0,"12723071"
"221",221,209,"Illinois",2019,279,2306,1,1,0,1,0,1,35260,1846200000,3.55,"IL",0,0,0,"12671821"
"222",222,215,"Illinois",2020,284,2785,0,0,0,0,0,1,33807,2120100000,4.46,"IL",0,0,0,"12786580"
"223",223,212,"Illinois",2021,304,3211,0,0,0,0,0,1,34083,2191700000,5.96,"IL",0,0,0,"12686469"
"224",224,224,"Illinois",2022,293,3842,0,0,0,0,0,0,34383.3333333333,2052666666.66667,4.65666666666667,"IL",1,1,1,"12582032"
"225",225,232,"Indiana",2007,98,158,4,4,2,1,1,0,6337,980980000,4.39,"IN",0,0,0,"6379599"
"226",226,227,"Indiana",2008,111,162,1,4,2,1,1,1,13847,873600000,4.1,"IN",0,0,0,"6424806"
"227",227,237,"Indiana",2009,112,169,2,5,3,1,1,2,16723,933660000,3.66,"IN",0,0,0,"6459325"
"228",228,236,"Indiana",2010,138,202,1,5,3,1,1,3,22487,898040000,5.38,"IN",0,0,0,"6490432"
"229",229,229,"Indiana",2011,218,491,0,5,3,1,1,3,23786,839500000,6.31,"IN",0,0,0,"6516528"
"230",230,234,"Indiana",2012,206,821,0,4,3,0,1,3,20465,596970000,7.23,"IN",0,0,0,"6537703"
"231",231,233,"Indiana",2013,218,899,1,3,2,0,1,2,21749,1031910000,4.47,"IN",0,0,0,"6568713"
"232",232,228,"Indiana",2014,188,629,0,3,2,0,1,2,23883,1084760000,3.75,"IN",0,0,0,"6593644"
"233",233,239,"Indiana",2015,194,720,1,4,2,1,1,1,25175,8.22e+08,3.92,"IN",0,0,0,"6608422"
"234",234,225,"Indiana",2016,200,821,0,3,1,1,1,1,27001,946310000,3.63,"IN",0,0,0,"6634304"
"235",235,230,"Indiana",2017,204,833,1,2,0,1,1,1,27471,9.36e+08,3.56,"IN",0,0,0,"6658078"
"236",236,226,"Indiana",2018,211,801,0,2,0,1,1,0,28312,967680000,3.78,"IN",0,0,0,"6695497"
"237",237,235,"Indiana",2019,221,938,0,2,0,1,1,0,25137,814580000,3.84,"IN",0,0,0,"6732219"
"238",238,231,"Indiana",2020,234,1112,0,0,0,0,0,0,26973.3333333333,906086666.666667,3.72666666666667,"IN",1,1,1,"6788799"
"239",239,240,"Indiana",2021,247,1282,0,0,0,0,0,0,26807.4444444444,896115555.555556,3.78222222222222,"IN",1,1,1,"6813532"
"240",240,238,"Indiana",2022,240,1411,0,0,0,0,0,0,26305.9259259259,872260740.740741,3.78296296296296,"IN",1,1,1,"6833037"
"241",241,252,"Iowa",2007,75,112,3,4,0,2,2,4,46548,2376900000,4.29,"IA",0,0,0,"2999212"
"242",242,255,"Iowa",2008,107,136,3,3,0,2,1,6,56123,2188800000,4.1,"IA",0,0,0,"3016734"
"243",243,244,"Iowa",2009,124,153,1,3,0,1,2,5,74000,2407300000,3.59,"IA",0,0,0,"3032870"
"244",244,246,"Iowa",2010,144,173,0,3,0,1,2,5,84071,2153250000,5.23,"IA",0,0,0,"3050745"
"245",245,245,"Iowa",2011,153,227,0,3,0,1,2,5,89315,2356400000,6.2,"IA",0,0,0,"3066336"
"246",246,251,"Iowa",2012,157,527,0,1,0,0,1,3,86265,1876900000,6.92,"IA",0,0,0,"3076190"
"247",247,254,"Iowa",2013,169,554,0,1,0,0,1,0,87238,2140200000,4.49,"IA",0,0,0,"3092997"
"248",248,248,"Iowa",2014,210,353,1,1,1,0,0,0,89188,2367400000,3.71,"IA",0,0,0,"3109350"
"249",249,249,"Iowa",2015,214,423,0,1,1,0,0,0,94058,2505600000,3.52,"IA",0,0,0,"3120960"
"250",250,241,"Iowa",2016,210,480,0,1,1,0,0,0,95983,2740500000,3.3,"IA",0,0,0,"3131371"
"251",251,253,"Iowa",2017,247,556,1,2,2,0,0,0,100558,2605800000,3.31,"IA",0,0,0,"3141550"
"252",252,256,"Iowa",2018,267,616,0,2,2,0,0,0,104035,2.499e+09,3.59,"IA",0,0,0,"3148618"
"253",253,242,"Iowa",2019,300,704,0,2,2,0,0,0,104135,2583900000,3.5,"IA",0,0,0,"3155070"
"254",254,247,"Iowa",2020,315,855,0,2,2,0,0,0,92137,2283300000,4.64,"IA",0,0,0,"3190571"
"255",255,250,"Iowa",2021,342,983,0,2,2,0,0,0,97418,2539800000,6.1,"IA",0,0,0,"3197689"
"256",256,243,"Iowa",2022,346,1320,0,1,1,0,0,0,97896.6666666667,2.469e+09,4.74666666666667,"IA",1,1,1,"3200517"
"257",257,264,"Kansas",2007,20,73,2,2,2,0,0,0,5530,507840000,4.13,"KS",0,0,0,"2783785"
"258",258,266,"Kansas",2008,23,74,1,2,2,0,0,1,10573,482790000,4.12,"KS",0,0,0,"2808076"
"259",259,263,"Kansas",2009,31,85,0,2,2,0,0,1,9781,598300000,3.49,"KS",0,0,0,"2832704"
"260",260,259,"Kansas",2010,39,84,0,2,2,0,0,1,10818,576600000,4.95,"KS",0,0,0,"2858190"
"261",261,262,"Kansas",2011,40,101,1,3,2,0,1,1,10860,449400000,6.28,"KS",0,0,0,"2869225"
"262",262,257,"Kansas",2012,32,148,0,2,1,0,1,1,9648,375250000,7.04,"KS",0,0,0,"2885257"
"263",263,258,"Kansas",2013,28,186,0,1,0,0,1,0,9513,5.04e+08,4.49,"KS",0,0,0,"2893212"
"264",264,268,"Kansas",2014,25,263,0,1,0,0,1,0,11678,566200000,3.78,"KS",0,0,0,"2900475"
"265",265,267,"Kansas",2015,26,640,0,1,0,0,1,0,11596,580160000,3.69,"KS",0,0,0,"2909011"
"266",266,272,"Kansas",2016,21,813,0,1,0,0,1,0,11854,698640000,3.2,"KS",0,0,0,"2910844"
"267",267,260,"Kansas",2017,20,827,0,1,0,0,1,0,12160,686400000,3.28,"KS",0,0,0,"2908718"
"268",268,269,"Kansas",2018,26,872,0,1,0,0,1,0,12526,642420000,3.58,"KS",0,0,0,"2911359"
"269",269,270,"Kansas",2019,38,1002,0,0,0,0,0,0,12180,675820000,3.35333333333333,"KS",1,1,1,"2913314"
"270",270,265,"Kansas",2020,56,1066,0,0,0,0,0,0,12288.6666666667,668213333.333333,3.40444444444444,"KS",1,1,1,"2937919"
"271",271,271,"Kansas",2021,63,1143,0,0,0,0,0,0,12331.5555555556,662151111.111111,3.44592592592593,"KS",1,1,1,"2937922"
"272",272,261,"Kansas",2022,73,1187,0,0,0,0,0,0,12266.7407407407,668728148.148148,3.40123456790123,"KS",1,1,1,"2937150"
"273",273,282,"Kentucky",2007,8,34,0,0,0,0,0,1,848,171520000,4.14,"KY",0,0,0,"4256672"
"274",274,281,"Kentucky",2008,11,25,4,2,1,1,0,3,830,152320000,4.36,"KY",0,0,0,"4289878"
"275",275,279,"Kentucky",2009,15,42,0,2,1,1,0,3,842,189750000,3.74,"KY",0,0,0,"4317074"
"276",276,273,"Kentucky",2010,21,67,2,3,1,1,1,4,814,152520000,5.15,"KY",0,0,0,"4348181"
"277",277,275,"Kentucky",2011,29,75,1,3,1,1,1,5,702,180700000,6.3,"KY",0,0,0,"4369821"
"278",278,276,"Kentucky",2012,35,121,0,3,1,1,1,4,630,104040000,6.96,"KY",0,0,0,"4386346"
"279",279,283,"Kentucky",2013,55,155,1,3,1,1,1,5,654,243100000,4.67,"KY",0,0,0,"4404659"
"280",280,277,"Kentucky",2014,62,225,0,3,1,1,1,5,658,225940000,3.94,"KY",0,0,0,"4414349"
"281",281,274,"Kentucky",2015,68,224,0,2,1,1,0,5,652,225320000,3.88,"KY",0,0,0,"4425976"
"282",282,285,"Kentucky",2016,72,294,0,2,1,1,0,3,708,222600000,3.74,"KY",0,0,0,"4438182"
"283",283,287,"Kentucky",2017,73,321,0,2,1,1,0,2,713,217160000,3.69,"KY",0,0,0,"4452268"
"284",284,278,"Kentucky",2018,74,342,0,2,1,1,0,0,700,213500000,3.84,"KY",0,0,0,"4461153"
"285",285,288,"Kentucky",2019,71,433,0,2,1,1,0,0,844,245050000,3.92,"KY",0,0,0,"4467673"
"286",286,286,"Kentucky",2020,72,494,0,1,0,1,0,0,928,250240000,4.52,"KY",0,0,0,"4507445"
"287",287,284,"Kentucky",2021,75,635,0,1,0,1,0,0,939,276480000,5.79,"KY",0,0,0,"4506589"
"288",288,280,"Kentucky",2022,73,717,0,1,0,1,0,0,903.666666666667,257256666.666667,4.74333333333333,"KY",1,1,1,"4512310"
"289",289,292,"Louisiana",2007,1,24,0,1,1,0,0,0,0,118990000,3.8,"LA",0,0,0,"4375581"
"290",290,291,"Louisiana",2008,3,18,4,3,1,1,1,2,23,73440000,4.45,"LA",0,0,0,"4435586"
"291",291,293,"Louisiana",2009,5,26,0,3,1,1,1,2,36,80520000,3.55,"LA",0,0,0,"4491648"
"292",292,289,"Louisiana",2010,5,29,2,4,1,1,2,2,30,7e+07,4.9,"LA",0,0,0,"4544532"
"293",293,299,"Louisiana",2011,2,47,0,4,1,1,2,2,28,76950000,6.1,"LA",0,0,0,"4575625"
"294",294,296,"Louisiana",2012,4,107,0,4,1,1,2,2,29,91690000,6.9,"LA",0,0,0,"4600972"
"295",295,294,"Louisiana",2013,4,114,0,3,1,1,1,1,36,115910000,5.1,"LA",0,0,0,"4624527"
"296",296,302,"Louisiana",2014,8,136,0,3,1,1,1,0,33,71370000,4.15,"LA",0,0,0,"4644013"
"297",297,304,"Louisiana",2015,9,162,0,2,1,0,1,0,0,66690000,4,"LA",0,0,0,"4664628"
"298",298,303,"Louisiana",2016,11,242,0,1,1,0,0,0,0,90750000,3.7,"LA",0,0,0,"4678135"
"299",299,301,"Louisiana",2017,12,315,0,1,1,0,0,0,0,90160000,3.72,"LA",0,0,0,"4670560"
"300",300,295,"Louisiana",2018,12,320,0,1,1,0,0,0,0,77850000,3.86,"LA",0,0,0,"4659690"
"301",301,300,"Louisiana",2019,14,392,0,1,1,0,0,0,0,89925000,3.86,"LA",0,0,0,"4648794"
"302",302,297,"Louisiana",2020,18,453,0,1,1,0,0,0,0,87785000,3.74,"LA",0,0,0,"4651664"
"303",303,298,"Louisiana",2021,22,482,0,1,1,0,0,0,0,103395000,5.29,"LA",0,0,0,"4627098"
"304",304,290,"Louisiana",2022,18,563,0,1,1,0,0,0,0,93701666.6666667,4.29666666666667,"LA",1,1,1,"4590241"
"305",305,314,"Maine",2007,0,11,1,1,1,0,0,2,0,0,0,"ME",0,1,1,"1327040"
"306",306,307,"Maine",2008,0,14,0,1,1,0,0,2,0,0,0,"ME",0,1,1,"1330509"
"307",307,310,"Maine",2009,0,13,1,1,0,0,1,2,0,0,0,"ME",0,1,1,"1329590"
"308",308,306,"Maine",2010,0,9,2,1,0,0,1,3,0,0,0,"ME",0,1,1,"1327629"
"309",309,305,"Maine",2011,4,113,1,1,0,0,1,4,0,0,0,"ME",0,1,1,"1328284"
"310",310,320,"Maine",2012,8,469,1,2,1,0,1,4,0,0,0,"ME",0,1,1,"1327729"
"311",311,318,"Maine",2013,8,607,0,1,1,0,0,2,0,0,0,"ME",0,1,1,"1328009"
"312",312,317,"Maine",2014,0,61,0,1,1,0,0,1,0,0,0,"ME",0,1,1,"1330513"
"313",313,309,"Maine",2015,0,108,0,1,1,0,0,1,0,0,0,"ME",0,1,1,"1328262"
"314",314,319,"Maine",2016,0,204,0,1,1,0,0,1,0,0,0,"ME",0,1,1,"1331317"
"315",315,313,"Maine",2017,0,240,0,0,0,0,0,1,0,0,0,"ME",0,1,1,"1334612"
"316",316,316,"Maine",2018,1,282,0,0,0,0,0,1,0,0,0,"ME",0,1,1,"1339057"
"317",317,315,"Maine",2019,1,452,0,0,0,0,0,1,0,0,0,"ME",0,1,1,"1344212"
"318",318,308,"Maine",2020,0,531,0,0,0,0,0,1,0,0,0,"ME",0,1,1,"1363557"
"319",319,312,"Maine",2021,0,640,0,0,0,0,0,0,0,0,0,"ME",1,1,1,"1377238"
"320",320,311,"Maine",2022,1,877,0,0,0,0,0,0,0,0,0,"ME",1,1,1,"1385340"
"321",321,324,"Maryland",2007,8,44,0,0,0,0,0,2,0,46965000,4.64,"MD",0,0,0,"5653408"
"322",322,326,"Maryland",2008,12,47,1,1,1,0,0,1,0,48400000,4.42,"MD",0,0,0,"5684965"
"323",323,321,"Maryland",2009,15,46,0,1,1,0,0,1,0,61625000,3.71,"MD",0,0,0,"5730388"
"324",324,323,"Maryland",2010,19,57,0,1,1,0,0,1,0,45580000,6.05,"MD",0,0,0,"5788645"
"325",325,329,"Maryland",2011,23,220,0,1,1,0,0,0,0,45780000,6.7,"MD",0,0,0,"5839419"
"326",326,330,"Maryland",2012,22,464,0,1,1,0,0,0,0,53070000,7.3,"MD",0,0,0,"5886992"
"327",327,332,"Maryland",2013,25,613,0,1,1,0,0,0,0,66360000,4.84,"MD",0,0,0,"5923188"
"328",328,331,"Maryland",2014,34,723,1,2,1,0,1,0,0,75250000,3.79,"MD",0,0,0,"5957283"
"329",329,334,"Maryland",2015,34,940,0,2,1,0,1,0,0,62320000,3.88,"MD",0,0,0,"5985562"
"330",330,327,"Maryland",2016,34,1227,0,2,1,0,1,0,0,60800000,4.05,"MD",0,0,0,"6003323"
"331",331,336,"Maryland",2017,36,1442,0,1,0,0,1,0,0,72240000,4.02,"MD",0,0,0,"6023868"
"332",332,333,"Maryland",2018,35,1850,0,0,0,0,0,0,0,66563333.3333333,4.55666666666667,"MD",1,1,1,"6035802"
"333",333,335,"Maryland",2019,39,2204,0,0,0,0,0,0,0,68484444.4444444,4.72555555555556,"MD",1,1,1,"6045680"
"334",334,328,"Maryland",2020,43,2860,1,1,0,1,0,0,0,66650000,5.6,"MD",0,0,0,"6173205"
"335",335,325,"Maryland",2021,46,3537,1,1,0,1,0,0,0,74375000,6.39,"MD",0,0,0,"6174610"
"336",336,322,"Maryland",2022,55,4056,0,0,0,0,0,0,0,69836481.4814815,5.57185185185185,"MD",1,1,1,"6164660"
"337",337,342,"Massachusetts",2007,0,59,1,0,0,0,0,2,0,0,0,"MA",0,1,1,"6431559"
"338",338,337,"Massachusetts",2008,1,51,0,0,0,0,0,2,0,0,0,"MA",0,1,1,"6468967"
"339",339,341,"Massachusetts",2009,2,55,5,1,0,0,1,6,0,0,0,"MA",0,1,1,"6517613"
"340",340,351,"Massachusetts",2010,3,57,0,1,0,0,1,6,0,0,0,"MA",0,1,1,"6566307"
"341",341,349,"Massachusetts",2011,0,11,0,1,0,0,1,1,0,0,0,"MA",0,1,1,"6613583"
"342",342,338,"Massachusetts",2012,1,36,0,1,0,0,1,1,0,0,0,"MA",0,1,1,"6663005"
"343",343,347,"Massachusetts",2013,1,41,0,1,0,0,1,0,0,0,0,"MA",0,1,1,"6713315"
"344",344,345,"Massachusetts",2014,9,788,0,1,0,0,1,0,0,0,0,"MA",0,1,1,"6762596"
"345",345,343,"Massachusetts",2015,6,1036,0,1,0,0,1,0,0,0,0,"MA",0,1,1,"6794228"
"346",346,350,"Massachusetts",2016,7,1331,0,1,0,0,1,0,0,0,0,"MA",0,1,1,"6823608"
"347",347,340,"Massachusetts",2017,7,1574,0,1,0,0,1,0,0,0,0,"MA",0,1,1,"6859789"
"348",348,344,"Massachusetts",2018,7,1860,0,0,0,0,0,0,0,0,0,"MA",1,1,1,"6882635"
"349",349,352,"Massachusetts",2019,6,2521,0,0,0,0,0,0,0,0,0,"MA",1,1,1,"6892503"
"350",350,339,"Massachusetts",2020,7,3468,0,0,0,0,0,0,0,0,0,"MA",1,1,1,"6995729"
"351",351,348,"Massachusetts",2021,6,4930,0,0,0,0,0,0,0,0,0,"MA",1,1,1,"6989690"
"352",352,346,"Massachusetts",2022,6,5817,0,0,0,0,0,0,0,0,0,"MA",1,1,1,"6981974"
"353",353,361,"Michigan",2007,51,164,4,3,1,2,0,2,4420,287820000,4.37,"MI",0,0,0,"10001284"
"354",354,354,"Michigan",2008,60,166,3,3,1,1,1,4,5416,295320000,3.84,"MI",0,0,0,"9946889"
"355",355,353,"Michigan",2009,95,199,2,5,2,1,2,4,5114,309320000,3.53,"MI",0,0,0,"9901591"
"356",356,357,"Michigan",2010,109,221,1,4,2,0,2,5,6590,312900000,5.56,"MI",0,0,0,"9877510"
"357",357,365,"Michigan",2011,122,578,1,4,2,1,1,3,6577,335070000,6.14,"MI",0,0,0,"9882412"
"358",358,367,"Michigan",2012,129,896,0,2,0,1,1,2,6395,314160000,6.69,"MI",0,0,0,"9897145"
"359",359,366,"Michigan",2013,163,999,0,1,0,1,0,1,6611,345650000,4.18,"MI",0,0,0,"9913065"
"360",360,363,"Michigan",2014,220,1050,0,0,0,0,0,1,6704,355810000,3.65,"MI",0,0,0,"9929848"
"361",361,360,"Michigan",2015,241,1178,0,0,0,0,0,1,6713,335340000,3.63,"MI",0,0,0,"9931715"
"362",362,355,"Michigan",2016,254,1535,0,0,0,0,0,1,6824,320280000,3.44,"MI",0,0,0,"9950571"
"363",363,356,"Michigan",2017,254,1601,0,0,0,0,0,1,8158,300510000,3.46,"MI",0,0,0,"9973114"
"364",364,368,"Michigan",2018,253,1774,0,0,0,0,0,0,7732,308420000,3.87333333333333,"MI",1,1,1,"9984072"
"365",365,359,"Michigan",2019,241,1802,0,0,0,0,0,0,7590,304466666.666667,4.01777777777778,"MI",1,1,1,"9986857"
"366",366,358,"Michigan",2020,236,1961,0,1,0,1,0,0,7381,304470000,4.72,"MI",0,0,0,"10069577"
"367",367,362,"Michigan",2021,245,2200,1,1,0,1,0,0,7657,346260000,5.86,"MI",0,0,0,"10037504"
"368",368,364,"Michigan",2022,228,3037,0,0,0,0,0,0,7542.66666666667,318398888.888889,4.86592592592593,"MI",1,1,1,"10034113"
"369",369,384,"Minnesota",2007,313,348,2,1,1,0,0,3,14119,1146100000,4.13,"MN",0,0,0,"5207203"
"370",370,376,"Minnesota",2008,353,385,1,1,1,0,0,4,17133,1166400000,3.92,"MN",0,0,0,"5247018"
"371",371,369,"Minnesota",2009,351,381,1,2,1,1,0,4,22651,1244100000,3.47,"MN",0,0,0,"5281203"
"372",372,371,"Minnesota",2010,360,396,2,3,2,1,0,5,26246,1292100000,5.01,"MN",0,0,0,"5310828"
"373",373,381,"Minnesota",2011,364,476,1,3,1,2,0,5,27452,1193500000,6.09,"MN",0,0,0,"5346143"
"374",374,382,"Minnesota",2012,360,564,0,3,1,2,0,3,25193,1374450000,6.67,"MN",0,0,0,"5376643"
"375",375,380,"Minnesota",2013,336,626,1,2,1,1,0,3,24480,1294260000,4.3,"MN",0,0,0,"5413479"
"376",376,375,"Minnesota",2014,278,780,0,2,1,1,0,3,26791,1177800000,3.58,"MN",0,0,0,"5451079"
"377",377,383,"Minnesota",2015,289,874,4,3,1,2,0,4,27718,1428800000,3.37,"MN",0,0,0,"5482032"
"378",378,379,"Minnesota",2016,314,1083,0,2,1,1,0,3,27920,1.544e+09,3.21,"MN",0,0,0,"5522744"
"379",379,373,"Minnesota",2017,372,1212,0,2,1,1,0,3,28509,1480220000,3.18,"MN",0,0,0,"5566230"
"380",380,372,"Minnesota",2018,412,1292,0,2,1,1,0,0,29187,1357720000,3.47,"MN",0,0,0,"5606249"
"381",381,378,"Minnesota",2019,430,1570,2,3,0,2,1,0,30107,1254250000,3.26,"MN",0,0,0,"5639632"
"382",382,377,"Minnesota",2020,422,1852,0,1,0,0,1,0,27284,1434410000,4.52,"MN",0,0,0,"5709852"
"383",383,370,"Minnesota",2021,454,2073,0,1,0,0,1,0,30446,1387680000,5.91,"MN",0,0,0,"5711471"
"384",384,374,"Minnesota",2022,437,2267,0,1,0,0,1,0,29279,1358780000,4.56333333333333,"MN",1,1,1,"5717184"
"385",385,398,"Mississippi",2007,1,42,0,0,0,0,0,0,628,91173333.3333333,4.77333333333333,"MS",1,1,1,"2928350"
"386",386,386,"Mississippi",2008,2,40,0,0,0,0,0,0,628,90417777.7777778,4.28777777777778,"MS",1,1,1,"2947806"
"387",387,388,"Mississippi",2009,4,47,1,0,0,0,0,1,1285,88960000,3.72,"MS",0,0,0,"2958774"
"388",388,399,"Mississippi",2010,3,50,0,0,0,0,0,1,1076,91120000,4.37,"MS",0,0,0,"2970548"
"389",389,395,"Mississippi",2011,106,224,0,0,0,0,0,1,993,93440000,6.23,"MS",0,0,0,"2978731"
"390",390,396,"Mississippi",2012,110,310,0,0,0,0,0,1,870,131175000,6.94,"MS",0,0,0,"2983816"
"391",391,391,"Mississippi",2013,106,333,0,0,0,0,0,1,0,146080000,5.05,"MS",0,0,0,"2988711"
"392",392,387,"Mississippi",2014,3,161,0,0,0,0,0,1,0,89725000,4.24,"MS",0,0,0,"2990468"
"393",393,389,"Mississippi",2015,3,166,0,1,0,1,0,0,703,85750000,4.01,"MS",0,0,0,"2988471"
"394",394,397,"Mississippi",2016,3,175,1,1,0,1,0,0,1181,119520000,3.74,"MS",0,0,0,"2987938"
"395",395,400,"Mississippi",2017,5,225,0,0,0,0,0,0,628,98331666.6666667,3.99666666666667,"MS",1,1,1,"2988510"
"396",396,394,"Mississippi",2018,5,223,0,0,0,0,0,0,837.333333333333,101200555.555556,3.91555555555556,"MS",1,1,1,"2981020"
"397",397,392,"Mississippi",2019,6,391,0,0,0,0,0,0,882.111111111111,106350740.740741,3.88407407407407,"MS",1,1,1,"2976149"
"398",398,393,"Mississippi",2020,5,437,0,0,0,0,0,0,782.481481481482,101960987.654321,3.9320987654321,"MS",1,1,1,"2958141"
"399",399,390,"Mississippi",2021,4,520,0,0,0,0,0,0,833.975308641975,103170761.316872,3.91057613168724,"MS",1,1,1,"2949586"
"400",400,385,"Mississippi",2022,5,524,0,0,0,0,0,0,832.855967078189,103827496.570645,3.90891632373114,"MS",1,1,1,"2940057"
"401",401,412,"Missouri",2007,69,186,0,0,0,0,0,0,6396,399120000,4.34666666666667,"MO",1,1,1,"5887612"
"402",402,407,"Missouri",2008,87,164,1,1,1,0,0,0,5320,381600000,4.11,"MO",0,0,0,"5923916"
"403",403,402,"Missouri",2009,97,182,0,1,1,0,0,0,6209,446760000,3.58,"MO",0,0,0,"5961088"
"404",404,416,"Missouri",2010,103,193,0,1,1,0,0,0,6143,3.69e+08,5.35,"MO",0,0,0,"5995974"
"405",405,414,"Missouri",2011,2,51,0,1,1,0,0,0,6036,347700000,6.4,"MO",0,0,0,"6010275"
"406",406,409,"Missouri",2012,1,182,0,1,1,0,0,0,5290,247500000,7.34,"MO",0,0,0,"6024367"
"407",407,405,"Missouri",2013,1,172,1,2,1,0,1,0,5328,435200000,4.57,"MO",0,0,0,"6040715"
"408",408,413,"Missouri",2014,101,381,1,2,1,0,1,1,6300,628680000,3.54,"MO",0,0,0,"6056202"
"409",409,406,"Missouri",2015,99,720,0,2,1,0,1,1,6506,437360000,3.69,"MO",0,0,0,"6071732"
"410",410,410,"Missouri",2016,92,1349,0,1,1,0,0,1,6646,570500000,3.4,"MO",0,0,0,"6087135"
"411",411,411,"Missouri",2017,94,1759,0,1,1,0,0,1,6828,552500000,3.41,"MO",0,0,0,"6106670"
"412",412,415,"Missouri",2018,98,1872,0,1,1,0,0,1,6837,466200000,3.68,"MO",0,0,0,"6121623"
"413",413,408,"Missouri",2019,111,2102,1,1,0,1,0,1,6597,463450000,3.67,"MO",0,0,0,"6137428"
"414",414,404,"Missouri",2020,115,2269,0,1,0,1,0,1,6098,560880000,4.59,"MO",0,0,0,"6153998"
"415",415,403,"Missouri",2021,132,2417,0,1,0,1,0,0,6493,545370000,6.15,"MO",0,0,0,"6169823"
"416",416,401,"Missouri",2022,136,2437,0,2,0,2,0,0,6396,523233333.333333,4.80333333333333,"MO",1,1,1,"6177957"
"417",417,426,"Montana",2007,2,40,2,1,1,0,0,1,0,5320000,4.76,"MT",0,0,0,"964706"
"418",418,424,"Montana",2008,1,37,1,1,1,0,0,2,0,4270000,3.8,"MT",0,0,0,"976415"
"419",419,420,"Montana",2009,1,53,0,1,1,0,0,2,0,3952000,4.23,"MT",0,0,0,"983982"
"420",420,419,"Montana",2010,2,64,0,1,1,0,0,2,0,4590000,6,"MT",0,0,0,"990697"
"421",421,418,"Montana",2011,1,55,0,1,1,0,0,2,0,4572000,6.47,"MT",0,0,0,"997316"
"422",422,422,"Montana",2012,3,54,0,1,1,0,0,2,0,6240000,7.21,"MT",0,0,0,"1003783"
"423",423,430,"Montana",2013,4,59,0,1,1,0,0,0,0,8625000,4.27,"MT",0,0,0,"1013569"
"424",424,425,"Montana",2014,2,70,0,1,1,0,0,0,0,7500000,3.77,"MT",0,0,0,"1021869"
"425",425,421,"Montana",2015,2,113,0,1,1,0,0,0,0,5500000,4.01,"MT",0,0,0,"1030475"
"426",426,428,"Montana",2016,2,141,0,1,1,0,0,0,0,5500000,4.15,"MT",0,0,0,"1040859"
"427",427,431,"Montana",2017,2,142,1,1,1,0,0,1,0,4550000,3.41,"MT",0,0,0,"1052482"
"428",428,432,"Montana",2018,2,151,1,2,2,0,0,0,0,5780000,3.79,"MT",0,0,0,"1060665"
"429",429,427,"Montana",2019,1,183,0,2,2,0,0,0,0,5700000,3.7,"MT",0,0,0,"1068778"
"430",430,429,"Montana",2020,1,230,0,2,2,0,0,0,0,6649000,4.4,"MT",0,0,0,"1087075"
"431",431,423,"Montana",2021,2,243,0,2,2,0,0,0,0,6e+06,6.9,"MT",0,0,0,"1106227"
"432",432,417,"Montana",2022,2,284,0,2,2,0,0,0,0,6116333.33333333,5,"MT",1,1,1,"1122867"
"433",433,440,"Nebraska",2007,27,53,0,0,0,0,0,0,47077,1482300000,4.24,"NE",1,1,1,"1783440"
"434",434,438,"Nebraska",2008,35,58,2,1,1,0,0,1,28081,1393650000,4.05,"NE",0,0,0,"1796378"
"435",435,436,"Nebraska",2009,48,71,0,1,1,0,0,1,28038,1584150000,3.58,"NE",0,0,0,"1812683"
"436",436,433,"Nebraska",2010,58,79,1,1,1,0,0,2,44111,1469100000,5.09,"NE",0,0,0,"1829542"
"437",437,434,"Nebraska",2011,29,409,1,2,2,0,0,2,46402,1.536e+09,6.11,"NE",0,0,0,"1840672"
"438",438,442,"Nebraska",2012,30,726,0,2,2,0,0,2,42693,1292200000,6.85,"NE",0,0,0,"1853303"
"439",439,448,"Nebraska",2013,22,814,0,1,1,0,0,1,42754,1613950000,4.47,"NE",0,0,0,"1865279"
"440",440,445,"Nebraska",2014,80,160,0,1,1,0,0,0,46343,1602050000,3.77,"NE",0,0,0,"1879321"
"441",441,435,"Nebraska",2015,82,180,0,1,1,0,0,0,46646,1692750000,3.57,"NE",0,0,0,"1891277"
"442",442,437,"Nebraska",2016,80,237,1,1,1,0,0,1,48878,1699900000,3.32,"NE",0,0,0,"1905616"
"443",443,439,"Nebraska",2017,95,295,1,2,1,1,0,0,49765,1683300000,3.35,"NE",0,0,0,"1915947"
"444",444,446,"Nebraska",2018,88,330,0,2,1,1,0,0,49723,1785600000,3.58,"NE",0,0,0,"1925614"
"445",445,443,"Nebraska",2019,97,375,1,2,1,1,0,1,50117,1785420000,3.52,"NE",0,0,0,"1934408"
"446",446,441,"Nebraska",2020,88,419,0,1,0,1,0,1,42863,1780200000,4.47,"NE",0,0,0,"1962642"
"447",447,444,"Nebraska",2021,120,537,0,1,0,1,0,1,48251,1854640000,5.96,"NE",0,0,0,"1963554"
"448",448,447,"Nebraska",2022,126,631,0,0,0,0,0,0,47077,1806753333.33333,4.65,"NE",1,1,1,"1967923"
"449",449,453,"Nevada",2007,6,73,0,0,0,0,0,0,0,0,0,"NV",1,1,1,"2601072"
"450",450,463,"Nevada",2008,16,69,0,0,0,0,0,0,0,0,0,"NV",1,1,1,"2653630"
"451",451,455,"Nevada",2009,14,68,2,0,0,0,0,2,0,0,0,"NV",0,1,1,"2684665"
"452",452,459,"Nevada",2010,26,89,0,0,0,0,0,2,0,0,0,"NV",0,1,1,"2702405"
"453",453,454,"Nevada",2011,74,97,1,0,0,0,0,3,0,0,0,"NV",0,1,1,"2712730"
"454",454,451,"Nevada",2012,79,106,0,0,0,0,0,3,0,0,0,"NV",0,1,1,"2743996"
"455",455,460,"Nevada",2013,58,84,0,0,0,0,0,3,0,0,0,"NV",0,1,1,"2775970"
"456",456,450,"Nevada",2014,21,330,0,0,0,0,0,3,0,0,0,"NV",0,1,1,"2817628"
"457",457,449,"Nevada",2015,20,376,0,0,0,0,0,2,0,0,0,"NV",0,1,1,"2866939"
"458",458,464,"Nevada",2016,20,557,0,0,0,0,0,1,0,0,0,"NV",0,1,1,"2917563"
"459",459,462,"Nevada",2017,19,675,0,0,0,0,0,1,0,0,0,"NV",0,1,1,"2969905"
"460",460,456,"Nevada",2018,14,712,0,0,0,0,0,1,0,0,0,"NV",0,1,1,"3027341"
"461",461,461,"Nevada",2019,12,976,0,0,0,0,0,1,0,0,0,"NV",0,1,1,"3080156"
"462",462,457,"Nevada",2020,12,1206,0,0,0,0,0,0,0,0,0,"NV",1,1,1,"3115648"
"463",463,458,"Nevada",2021,12,1395,0,0,0,0,0,0,0,0,0,"NV",1,1,1,"3146402"
"464",464,452,"Nevada",2022,19,1711,0,0,0,0,0,0,0,0,0,"NV",1,1,1,"3177772"
"465",465,480,"New Hampshire",2007,0,37,0,0,0,0,0,1,0,0,0,"NH",0,1,1,"1312540"
"466",466,479,"New Hampshire",2008,0,33,1,1,0,1,0,1,0,0,0,"NH",0,1,1,"1315906"
"467",467,469,"New Hampshire",2009,0,25,0,1,0,1,0,1,0,0,0,"NH",0,1,1,"1316102"
"468",468,472,"New Hampshire",2010,0,25,1,1,0,1,0,2,0,0,0,"NH",0,1,1,"1316762"
"469",469,473,"New Hampshire",2011,68,92,1,1,0,1,0,3,0,0,0,"NH",0,1,1,"1320202"
"470",470,466,"New Hampshire",2012,77,118,1,1,0,1,0,3,0,0,0,"NH",0,1,1,"1324232"
"471",471,470,"New Hampshire",2013,75,137,0,0,0,0,0,3,0,0,0,"NH",0,1,1,"1326622"
"472",472,475,"New Hampshire",2014,1,88,0,0,0,0,0,2,0,0,0,"NH",0,1,1,"1333341"
"473",473,474,"New Hampshire",2015,0,156,0,0,0,0,0,1,0,0,0,"NH",0,1,1,"1336350"
"474",474,471,"New Hampshire",2016,0,212,0,0,0,0,0,0,0,0,0,"NH",1,1,1,"1342307"
"475",475,465,"New Hampshire",2017,0,232,0,0,0,0,0,0,0,0,0,"NH",1,1,1,"1348787"
"476",476,476,"New Hampshire",2018,0,265,0,0,0,0,0,0,0,0,0,"NH",1,1,1,"1353465"
"477",477,467,"New Hampshire",2019,0,277,0,0,0,0,0,0,0,0,0,"NH",1,1,1,"1359711"
"478",478,477,"New Hampshire",2020,0,319,0,0,0,0,0,0,0,0,0,"NH",1,1,1,"1378587"
"479",479,468,"New Hampshire",2021,0,375,0,0,0,0,0,0,0,0,0,"NH",1,1,1,"1387505"
"480",480,478,"New Hampshire",2022,0,490,0,0,0,0,0,0,0,0,0,"NH",1,1,1,"1395231"
"481",481,496,"New Jersey",2007,0,21,1,1,0,0,1,0,0,10168000,4.65,"NJ",0,0,0,"8677885"
"482",482,488,"New Jersey",2008,0,22,0,1,0,0,1,0,0,8584000,4.15,"NJ",0,0,0,"8711090"
"483",483,489,"New Jersey",2009,2,31,0,1,0,0,1,0,0,10010000,3.73,"NJ",0,0,0,"8755602"
"484",484,485,"New Jersey",2010,4,42,0,1,0,0,1,0,0,8094000,6.05,"NJ",0,0,0,"8799446"
"485",485,487,"New Jersey",2011,0,36,0,0,0,0,0,0,0,9741333.33333333,4.81333333333333,"NJ",1,1,1,"8828117"
"486",486,492,"New Jersey",2012,0,59,0,0,0,0,0,0,0,9651777.77777778,5.17444444444444,"NJ",1,1,1,"8844942"
"487",487,493,"New Jersey",2013,0,58,1,0,0,0,0,1,0,11120000,4.66,"NJ",0,0,0,"8856972"
"488",488,494,"New Jersey",2014,5,306,0,0,0,0,0,1,0,12403000,3.8,"NJ",0,0,0,"8864525"
"489",489,490,"New Jersey",2015,5,465,0,0,0,0,0,1,0,10584000,3.85,"NJ",0,0,0,"8867949"
"490",490,495,"New Jersey",2016,5,565,0,0,0,0,0,1,0,10295000,3.9,"NJ",0,0,0,"8870827"
"491",491,483,"New Jersey",2017,4,629,0,0,0,0,0,1,0,11690000,3.75,"NJ",0,0,0,"8885525"
"492",492,491,"New Jersey",2018,6,801,0,0,0,0,0,0,0,10856333.3333333,3.83333333333333,"NJ",1,1,1,"8886025"
"493",493,482,"New Jersey",2019,6,1351,0,0,0,0,0,0,0,10947111.1111111,3.82777777777778,"NJ",1,1,1,"8882190"
"494",494,484,"New Jersey",2020,6,1702,0,0,0,0,0,0,0,11164481.4814815,3.8037037037037,"NJ",1,1,1,"9271689"
"495",495,486,"New Jersey",2021,6,2060,0,0,0,0,0,0,0,10989308.6419753,3.82160493827161,"NJ",1,1,1,"9267961"
"496",496,481,"New Jersey",2022,6,2744,0,0,0,0,0,0,0,11033633.744856,3.81769547325103,"NJ",1,1,1,"9261699"
"497",497,499,"New Mexico",2007,6,75,0,0,0,0,0,2,719,9720000,5.2,"NM",0,0,0,"1990070"
"498",498,508,"New Mexico",2008,8,76,0,0,0,0,0,2,528,10175000,5.3,"NM",0,0,0,"2010662"
"499",499,501,"New Mexico",2009,10,77,2,0,0,0,0,4,654,9500000,4.12,"NM",0,0,0,"2036802"
"500",500,509,"New Mexico",2010,11,82,0,0,0,0,0,2,598,11880000,5.03,"NM",0,0,0,"2064552"
"501",501,511,"New Mexico",2011,4,110,0,0,0,0,0,2,552,8100000,6.35,"NM",0,0,0,"2080450"
"502",502,502,"New Mexico",2012,5,235,0,0,0,0,0,2,484,7310000,7.3,"NM",0,0,0,"2087309"
"503",503,510,"New Mexico",2013,5,268,0,0,0,0,0,2,608,7220000,5.18,"NM",0,0,0,"2092273"
"504",504,506,"New Mexico",2014,14,140,0,0,0,0,0,1,545,9360000,4.35,"NM",0,0,0,"2089568"
"505",505,503,"New Mexico",2015,10,187,1,1,0,1,0,1,0,7200000,4.58,"NM",0,0,0,"2089291"
"506",506,498,"New Mexico",2016,10,220,0,1,0,1,0,1,0,6150000,3.93,"NM",0,0,0,"2091630"
"507",507,497,"New Mexico",2017,11,257,0,1,0,1,0,1,0,5762000,3.9,"NM",0,0,0,"2091784"
"508",508,505,"New Mexico",2018,12,273,0,0,0,0,0,0,0,6370666.66666667,4.13666666666667,"NM",1,1,1,"2092741"
"509",509,512,"New Mexico",2019,14,336,0,0,0,0,0,0,0,6094222.22222222,3.98888888888889,"NM",1,1,1,"2096829"
"510",510,504,"New Mexico",2020,14,457,0,0,0,0,0,0,0,6075629.62962963,4.00851851851852,"NM",1,1,1,"2118390"
"511",511,507,"New Mexico",2021,18,543,0,0,0,0,0,0,0,6180172.83950617,4.04469135802469,"NM",1,1,1,"2116677"
"512",512,500,"New Mexico",2022,17,599,0,0,0,0,0,0,0,6116674.89711934,4.0140329218107,"NM",1,1,1,"2113344"
"513",513,528,"New York",2007,8,83,1,1,1,0,0,3,100,70400000,5.05,"NY",0,0,0,"19132335"
"514",514,522,"New York",2008,17,145,2,3,1,2,0,3,2064,92160000,4.32,"NY",0,0,0,"19212436"
"515",515,526,"New York",2009,38,177,2,5,1,3,1,3,1189,79730000,4.02,"NY",0,0,0,"19307066"
"516",516,517,"New York",2010,75,238,0,5,1,3,1,2,2482,87910000,6.3,"NY",0,0,0,"19399878"
"517",517,524,"New York",2011,9,81,2,6,0,4,2,1,3063,82460000,6.9,"NY",0,0,0,"19499241"
"518",518,516,"New York",2012,14,112,0,5,0,3,2,1,3095,91120000,6.78,"NY",0,0,0,"19572932"
"519",519,520,"New York",2013,13,110,0,3,0,2,1,1,3762,94530000,4.52,"NY",0,0,0,"19624447"
"520",520,515,"New York",2014,83,1336,0,3,0,2,1,1,3490,100640000,4.11,"NY",0,0,0,"19651049"
"521",521,523,"New York",2015,85,1570,0,0,0,0,0,1,3465,84370000,4.01,"NY",0,0,0,"19654666"
"522",522,527,"New York",2016,79,1936,1,1,1,0,0,1,3801,73530000,3.9,"NY",0,0,0,"19633428"
"523",523,519,"New York",2017,72,2228,0,1,1,0,0,0,3687,78085000,4.07,"NY",0,0,0,"19589572"
"524",524,514,"New York",2018,72,2807,0,1,1,0,0,0,3308,97785000,4.16,"NY",0,0,0,"19530351"
"525",525,513,"New York",2019,71,4765,0,1,1,0,0,0,3519,86110000,4.2,"NY",0,0,0,"19453561"
"526",526,521,"New York",2020,75,6301,0,0,0,0,0,0,3504.66666666667,87326666.6666667,4.14333333333333,"NY",1,1,1,"20108296"
"527",527,525,"New York",2021,79,7834,0,0,0,0,0,0,3443.88888888889,90407222.2222222,4.16777777777778,"NY",1,1,1,"19857492"
"528",528,518,"New York",2022,79,9730,0,0,0,0,0,0,3489.18518518519,87947962.962963,4.17037037037037,"NY",1,1,1,"19677151"
"529",529,538,"North Carolina",2007,12,138,0,1,0,1,0,1,0,1.01e+08,4,"NC",0,0,0,"9118037"
"530",530,534,"North Carolina",2008,14,136,0,1,0,1,0,1,0,64740000,4.91,"NC",0,0,0,"9309449"
"531",531,536,"North Carolina",2009,19,227,1,2,0,1,1,1,0,93600000,3.9,"NC",0,0,0,"9449566"
"532",532,539,"North Carolina",2010,20,254,3,4,1,2,1,0,0,76440000,5.18,"NC",0,0,0,"9574323"
"533",533,541,"North Carolina",2011,23,109,0,4,1,2,1,0,0,68460000,7.04,"NC",0,0,0,"9657592"
"534",534,540,"North Carolina",2012,19,128,3,7,4,2,1,0,0,95940000,7.48,"NC",0,0,0,"9749476"
"535",535,530,"North Carolina",2013,20,182,1,6,4,2,0,1,0,122120000,4.96,"NC",0,0,0,"9843336"
"536",536,531,"North Carolina",2014,23,967,0,4,4,0,0,1,0,102960000,4.19,"NC",0,0,0,"9932887"
"537",537,542,"North Carolina",2015,26,1113,0,1,1,0,0,1,0,82490000,4.32,"NC",0,0,0,"10031646"
"538",538,543,"North Carolina",2016,58,1366,0,1,1,0,0,0,0,121260000,4.07,"NC",0,0,0,"10154788"
"539",539,529,"North Carolina",2017,79,1704,0,0,0,0,0,0,0,102236666.666667,4.19333333333333,"NC",1,1,1,"10268233"
"540",540,537,"North Carolina",2018,86,1818,0,0,0,0,0,0,0,101995555.555556,4.19444444444444,"NC",1,1,1,"10381615"
"541",541,532,"North Carolina",2019,89,2223,0,0,0,0,0,0,0,108497407.407407,4.15259259259259,"NC",1,1,1,"10488084"
"542",542,535,"North Carolina",2020,96,2597,0,0,0,0,0,0,0,104243209.876543,4.18012345679012,"NC",1,1,1,"10449445"
"543",543,533,"North Carolina",2021,100,3102,0,0,0,0,0,0,0,104912057.613169,4.17572016460905,"NC",1,1,1,"10565885"
"544",544,544,"North Carolina",2022,107,3353,1,1,0,1,0,0,0,105884224.965706,4.16947873799726,"NC",1,1,1,"10698973"
"545",545,558,"North Dakota",2007,23,41,0,1,1,0,0,1,3255,272600000,4.06,"ND",0,0,0,"652822"
"546",546,550,"North Dakota",2008,30,46,1,1,1,0,0,2,3666,285200000,3.74,"ND",0,0,0,"657569"
"547",547,560,"North Dakota",2009,30,59,1,1,0,1,0,1,6197,200100000,3.18,"ND",0,0,0,"664968"
"548",548,556,"North Dakota",2010,55,85,0,1,0,1,0,1,7451,248160000,5.01,"ND",0,0,0,"674715"
"549",549,545,"North Dakota",2011,82,480,0,1,0,1,0,1,7721,216300000,5.81,"ND",0,0,0,"685225"
"550",550,547,"North Dakota",2012,84,780,0,1,0,1,0,1,7329,422120000,6.46,"ND",0,0,0,"701176"
"551",551,552,"North Dakota",2013,81,995,0,1,0,1,0,0,7344,3.96e+08,3.91,"ND",0,0,0,"722036"
"552",552,549,"North Dakota",2014,77,104,0,0,0,0,0,0,12284.6666666667,344806666.666667,5.39333333333333,"ND",1,1,1,"737401"
"553",553,557,"North Dakota",2015,53,86,0,0,0,0,0,0,12284.6666666667,396592222.222222,4.11444444444444,"ND",1,1,1,"754066"
"554",554,551,"North Dakota",2016,43,80,0,0,0,0,0,0,12284.6666666667,396789629.62963,4.18259259259259,"ND",1,1,1,"754434"
"555",555,553,"North Dakota",2017,41,83,0,1,1,0,0,0,12205,448970000,3.04,"ND",0,0,0,"754942"
"556",556,559,"North Dakota",2018,44,100,0,1,1,0,0,0,12242,448290000,3.32,"ND",0,0,0,"758080"
"557",557,546,"North Dakota",2019,41,114,1,1,1,0,0,0,12407,410030000,3.07,"ND",0,0,0,"762062"
"558",558,548,"North Dakota",2020,38,165,0,0,0,0,0,0,12284.6666666667,435763333.333333,3.14333333333333,"ND",1,1,1,"779518"
"559",559,555,"North Dakota",2021,49,210,0,0,0,0,0,0,12311.2222222222,431361111.111111,3.17777777777778,"ND",1,1,1,"777934"
"560",560,554,"North Dakota",2022,42,235,0,0,0,0,0,0,12334.2962962963,425718148.148148,3.13037037037037,"ND",1,1,1,"779261"
"561",561,574,"Ohio",2007,47,155,0,2,1,1,0,0,42,541500000,4.29,"OH",0,0,0,"11500468"
"562",562,565,"Ohio",2008,64,162,3,4,2,1,1,1,7941,408720000,4.21,"OH",0,0,0,"11515391"
"563",563,573,"Ohio",2009,63,162,0,4,2,1,1,1,6256,536940000,3.55,"OH",0,0,0,"11528896"
"564",564,572,"Ohio",2010,67,169,0,4,2,1,1,1,9669,523200000,5.45,"OH",0,0,0,"11539336"
"565",565,570,"Ohio",2011,84,223,0,4,2,1,1,1,11205,489600000,6.44,"OH",0,0,0,"11544663"
"566",566,561,"Ohio",2012,88,355,0,2,1,1,0,1,10799,4.38e+08,7.09,"OH",0,0,0,"11548923"
"567",567,563,"Ohio",2013,97,385,1,3,1,2,0,0,11291,650760000,4.41,"OH",0,0,0,"11576684"
"568",568,566,"Ohio",2014,128,501,0,3,1,2,0,0,13313,612480000,3.78,"OH",0,0,0,"11602700"
"569",569,569,"Ohio",2015,136,674,0,2,0,2,0,0,13507,498780000,3.89,"OH",0,0,0,"11617527"
"570",570,575,"Ohio",2016,151,856,0,2,0,2,0,0,13978,524700000,3.61,"OH",0,0,0,"11634370"
"571",571,576,"Ohio",2017,164,1113,1,2,0,2,0,0,14573,557550000,3.61,"OH",0,0,0,"11659650"
"572",572,568,"Ohio",2018,165,1291,0,2,0,2,0,0,15131,617100000,3.74,"OH",0,0,0,"11676341"
"573",573,571,"Ohio",2019,180,1691,0,1,0,1,0,0,14934,421480000,3.91,"OH",0,0,0,"11689100"
"574",574,564,"Ohio",2020,193,2178,0,1,0,1,0,0,12725,564300000,4.69,"OH",0,0,0,"11797517"
"575",575,562,"Ohio",2021,213,2558,0,1,0,1,0,0,13988,644620000,5.92,"OH",0,0,0,"11764342"
"576",576,567,"Ohio",2022,209,3139,0,0,0,0,0,0,13882.3333333333,543466666.666667,4.84,"OH",1,1,1,"11756058"
"577",577,585,"Oklahoma",2007,4,131,1,1,1,0,0,2,0,39150000,4.07,"OK",0,0,0,"3634349"
"578",578,589,"Oklahoma",2008,6,127,1,1,1,0,0,3,0,35200000,4.46,"OK",0,0,0,"3668976"
"579",579,586,"Oklahoma",2009,11,123,2,2,1,0,1,4,0,33600000,3.71,"OK",0,0,0,"3717572"
"580",580,581,"Oklahoma",2010,13,126,0,1,0,0,1,4,0,43520000,4.66,"OK",0,0,0,"3759944"
"581",581,584,"Oklahoma",2011,15,140,0,1,0,0,1,3,0,17480000,6.22,"OK",0,0,0,"3788379"
"582",582,579,"Oklahoma",2012,27,203,0,1,0,0,1,2,0,32450000,7.04,"OK",0,0,0,"3818814"
"583",583,580,"Oklahoma",2013,27,307,3,3,1,0,2,2,0,44950000,5.09,"OK",0,0,0,"3853214"
"584",584,577,"Oklahoma",2014,25,321,0,2,1,0,1,2,0,42630000,4.11,"OK",0,0,0,"3878187"
"585",585,592,"Oklahoma",2015,31,362,0,1,0,0,1,2,0,36120000,3.93,"OK",0,0,0,"3909500"
"586",586,588,"Oklahoma",2016,29,407,0,1,0,0,1,2,0,42350000,3.39,"OK",0,0,0,"3926331"
"587",587,578,"Oklahoma",2017,32,431,0,1,0,0,1,1,0,38430000,3.59,"OK",0,0,0,"3931316"
"588",588,587,"Oklahoma",2018,52,481,0,0,0,0,0,1,0,36180000,3.86,"OK",0,0,0,"3940235"
"589",589,583,"Oklahoma",2019,56,617,0,0,0,0,0,0,0,38986666.6666667,3.61333333333333,"OK",1,1,1,"3956971"
"590",590,590,"Oklahoma",2020,69,1004,0,0,0,0,0,0,0,37865555.5555556,3.68777777777778,"OK",1,1,1,"3964912"
"591",591,591,"Oklahoma",2021,88,1411,0,0,0,0,0,0,0,37677407.4074074,3.72037037037037,"OK",1,1,1,"3991225"
"592",592,582,"Oklahoma",2022,95,1428,0,0,0,0,0,0,0,38176543.2098765,3.67382716049383,"OK",1,1,1,"4019800"
"593",593,608,"Oregon",2007,6,94,0,4,2,2,0,0,349,7e+06,4.36,"OR",0,0,0,"3722417"
"594",594,604,"Oregon",2008,8,102,3,7,5,2,0,0,1782,6435000,4.15,"OR",0,0,0,"3768748"
"595",595,596,"Oregon",2009,8,99,0,5,5,0,0,0,1380,6880000,4.12,"OR",0,0,0,"3808600"
"596",596,603,"Oregon",2010,8,112,0,5,5,0,0,0,855,7600000,5.94,"OR",0,0,0,"3837491"
"597",597,602,"Oregon",2011,9,392,1,6,5,0,1,0,832,10965000,6.95,"OR",0,0,0,"3872036"
"598",598,595,"Oregon",2012,8,855,1,4,3,0,1,0,802,10660000,6.96,"OR",0,0,0,"3899001"
"599",599,594,"Oregon",2013,8,995,0,4,3,0,1,0,882,6768000,5.44,"OR",0,0,0,"3922468"
"600",600,598,"Oregon",2014,7,1071,1,4,2,0,2,0,1040,7410000,4.45,"OR",0,0,0,"3963244"
"601",601,606,"Oregon",2015,8,1205,0,3,2,0,1,0,947,5640000,4,"OR",0,0,0,"4015792"
"602",602,605,"Oregon",2016,10,1416,0,3,2,0,1,0,904,8970000,4.25,"OR",0,0,0,"4089976"
"603",603,599,"Oregon",2017,10,1518,0,3,2,0,1,0,970,9328000,3.78,"OR",0,0,0,"4143625"
"604",604,600,"Oregon",2018,10,1698,0,0,0,0,0,0,940.333333333333,7979333.33333333,4.01,"OR",1,1,1,"4181886"
"605",605,601,"Oregon",2019,9,2024,0,0,0,0,0,0,938.111111111111,8759111.11111111,4.01333333333333,"OR",1,1,1,"4217737"
"606",606,597,"Oregon",2020,4,2227,0,0,0,0,0,0,949.481481481482,8688814.81481482,3.93444444444444,"OR",1,1,1,"4244795"
"607",607,607,"Oregon",2021,4,2541,0,0,0,0,0,0,942.641975308642,8475753.08641975,3.98592592592593,"OR",1,1,1,"4256301"
"608",608,593,"Oregon",2022,5,2572,0,0,0,0,0,0,943.411522633745,8641226.33744856,3.9779012345679,"OR",1,1,1,"4240137"
"609",609,619,"Pennsylvania",2007,12,150,2,0,0,0,0,2,0,121520000,4.56,"PA",0,0,0,"12563937"
"610",610,621,"Pennsylvania",2008,19,114,0,0,0,0,0,2,0,117040000,4.16,"PA",0,0,0,"12612285"
"611",611,614,"Pennsylvania",2009,26,127,2,1,1,0,0,3,0,130640000,3.84,"PA",0,0,0,"12666858"
"612",612,622,"Pennsylvania",2010,37,140,1,2,1,1,0,3,2339,116480000,6.12,"PA",0,0,0,"12711160"
"613",613,620,"Pennsylvania",2011,35,176,0,2,1,1,0,1,2055,106560000,7.05,"PA",0,0,0,"12745815"
"614",614,623,"Pennsylvania",2012,32,368,0,2,1,1,0,1,2076,1.31e+08,7.21,"PA",0,0,0,"12767118"
"615",615,615,"Pennsylvania",2013,33,429,1,2,0,2,0,0,2523,159140000,4.47,"PA",0,0,0,"12776309"
"616",616,612,"Pennsylvania",2014,33,542,0,1,0,1,0,0,2341,158620000,3.9,"PA",0,0,0,"12788313"
"617",617,611,"Pennsylvania",2015,37,699,0,1,0,1,0,0,2283,138180000,3.97,"PA",0,0,0,"12784826"
"618",618,610,"Pennsylvania",2016,41,897,0,1,0,1,0,0,2474,122550000,4.04,"PA",0,0,0,"12782275"
"619",619,609,"Pennsylvania",2017,75,1044,0,0,0,0,0,0,2366,139783333.333333,3.97,"PA",1,1,1,"12787641"
"620",620,618,"Pennsylvania",2018,123,1297,0,0,0,0,0,0,2374.33333333333,133504444.444444,3.99333333333333,"PA",1,1,1,"12800922"
"621",621,613,"Pennsylvania",2019,125,1803,0,0,0,0,0,0,2404.77777777778,131945925.925926,4.00111111111111,"PA",1,1,1,"12801989"
"622",622,617,"Pennsylvania",2020,143,2378,0,0,0,0,0,0,2381.7037037037,135077901.234568,3.98814814814815,"PA",1,1,1,"12994440"
"623",623,616,"Pennsylvania",2021,146,2993,0,0,0,0,0,0,2386.93827160494,133509423.868313,3.9941975308642,"PA",1,1,1,"13012059"
"624",624,624,"Pennsylvania",2022,172,3594,0,0,0,0,0,0,2391.13991769547,133511083.676269,3.99448559670782,"PA",1,1,1,"12972008"
"625",625,633,"Rhode Island",2007,0,13,0,3,2,0,1,0,0,0,0,"RI",0,1,1,"1057315"
"626",626,625,"Rhode Island",2008,0,15,0,2,1,0,1,0,0,0,0,"RI",0,1,1,"1055003"
"627",627,638,"Rhode Island",2009,0,12,0,1,0,0,1,0,0,0,0,"RI",0,1,1,"1053646"
"628",628,629,"Rhode Island",2010,0,13,0,0,0,0,0,0,0,0,0,"RI",1,1,1,"1053959"
"629",629,636,"Rhode Island",2011,0,18,1,0,0,0,0,1,0,0,0,"RI",0,1,1,"1053649"
"630",630,635,"Rhode Island",2012,0,55,0,0,0,0,0,1,0,0,0,"RI",0,1,1,"1054621"
"631",631,639,"Rhode Island",2013,1,163,0,0,0,0,0,1,0,0,0,"RI",0,1,1,"1055081"
"632",632,634,"Rhode Island",2014,0,166,0,0,0,0,0,1,0,0,0,"RI",0,1,1,"1055936"
"633",633,632,"Rhode Island",2015,0,197,1,0,0,0,0,2,0,0,0,"RI",0,1,1,"1056065"
"634",634,627,"Rhode Island",2016,0,222,0,0,0,0,0,1,0,0,0,"RI",0,1,1,"1056770"
"635",635,640,"Rhode Island",2017,0,232,0,0,0,0,0,1,0,0,0,"RI",0,1,1,"1055673"
"636",636,637,"Rhode Island",2018,0,263,0,0,0,0,0,0,0,0,0,"RI",1,1,1,"1058287"
"637",637,628,"Rhode Island",2019,0,420,0,0,0,0,0,0,0,0,0,"RI",1,1,1,"1059361"
"638",638,630,"Rhode Island",2020,0,562,0,0,0,0,0,0,0,0,0,"RI",1,1,1,"1096345"
"639",639,631,"Rhode Island",2021,0,637,0,0,0,0,0,0,0,0,0,"RI",1,1,1,"1096985"
"640",640,626,"Rhode Island",2022,0,781,0,0,0,0,0,0,0,0,0,"RI",1,1,1,"1093734"
"641",641,649,"South Carolina",2007,55,159,4,5,4,0,1,1,0,35890000,3.88,"SC",0,0,0,"4444110"
"642",642,642,"South Carolina",2008,72,169,0,5,4,0,1,1,0,19845000,4.59,"SC",0,0,0,"4528996"
"643",643,650,"South Carolina",2009,87,142,0,5,4,0,1,1,0,35520000,3.86,"SC",0,0,0,"4589872"
"644",644,644,"South Carolina",2010,101,165,0,5,4,0,1,1,0,28140000,5.49,"SC",0,0,0,"4635649"
"645",645,646,"South Carolina",2011,100,246,0,5,4,0,1,1,0,21450000,6.6,"SC",0,0,0,"4671994"
"646",646,641,"South Carolina",2012,84,370,0,3,2,0,1,1,0,37820000,7.5,"SC",0,0,0,"4717354"
"647",647,652,"South Carolina",2013,82,417,0,2,2,0,0,1,0,43215000,4.67,"SC",0,0,0,"4764080"
"648",648,653,"South Carolina",2014,71,416,1,2,2,0,0,2,0,32760000,3.9,"SC",0,0,0,"4823617"
"649",649,654,"South Carolina",2015,68,493,1,3,2,0,1,1,0,24180000,4.06,"SC",0,0,0,"4891938"
"650",650,655,"South Carolina",2016,67,535,0,2,2,0,0,1,0,44450000,3.69,"SC",0,0,0,"4957968"
"651",651,648,"South Carolina",2017,64,642,0,2,2,0,0,1,0,44200000,4.4,"SC",0,0,0,"5021268"
"652",652,656,"South Carolina",2018,66,706,0,2,2,0,0,0,0,39370000,4.5,"SC",0,0,0,"5084156"
"653",653,647,"South Carolina",2019,53,803,0,2,2,0,0,0,0,37100000,4.64,"SC",0,0,0,"5148714"
"654",654,643,"South Carolina",2020,49,878,0,2,2,0,0,0,0,48840000,4.36,"SC",0,0,0,"5131848"
"655",655,651,"South Carolina",2021,46,999,0,0,0,0,0,0,0,41770000,4.5,"SC",1,1,1,"5193266"
"656",656,645,"South Carolina",2022,60,1137,0,0,0,0,0,0,0,42570000,4.5,"SC",1,1,1,"5282634"
"657",657,662,"South Dakota",2007,59,76,1,0,0,0,0,1,14163,542080000,4.17,"SD",0,0,0,"791623"
"658",658,667,"South Dakota",2008,78,94,2,0,0,0,0,3,18995,585200000,3.78,"SD",0,0,0,"799124"
"659",659,661,"South Dakota",2009,78,96,1,0,0,0,0,4,22218,706680000,3.23,"SD",0,0,0,"807067"
"660",660,658,"South Dakota",2010,101,121,2,1,0,1,0,5,24545,569700000,5.09,"SD",0,0,0,"816166"
"661",661,657,"South Dakota",2011,102,120,0,0,0,0,0,5,24250,653400000,6.03,"SD",0,0,0,"823579"
"662",662,666,"South Dakota",2012,100,128,2,2,1,1,0,4,23403,535300000,6.72,"SD",0,0,0,"833566"
"663",663,672,"South Dakota",2013,87,119,0,2,1,1,0,1,24398,802820000,4.05,"SD",0,0,0,"842316"
"664",664,664,"South Dakota",2014,82,134,0,2,1,1,0,0,24945,787360000,3.34,"SD",0,0,0,"849129"
"665",665,671,"South Dakota",2015,80,129,0,2,1,1,0,0,26658,799770000,3.3,"SD",0,0,0,"853988"
"666",666,670,"South Dakota",2016,75,145,0,2,1,1,0,0,27026,825930000,3.09,"SD",0,0,0,"862996"
"667",667,668,"South Dakota",2017,77,152,0,2,1,1,0,0,28199,736600000,3.09,"SD",0,0,0,"872868"
"668",668,663,"South Dakota",2018,77,181,0,2,1,1,0,0,28987,777600000,3.38,"SD",0,0,0,"878698"
"669",669,669,"South Dakota",2019,83,233,0,2,1,1,0,0,28809,557280000,3.32,"SD",0,0,0,"884659"
"670",670,659,"South Dakota",2020,80,236,0,2,1,1,0,0,27664,720900000,4.37,"SD",0,0,0,"887799"
"671",671,665,"South Dakota",2021,83,260,0,2,1,1,0,0,31042,734320000,6.11,"SD",0,0,0,"896164"
"672",672,660,"South Dakota",2022,81,275,0,2,1,1,0,0,29171.6666666667,670833333.333333,4.6,"SD",1,1,1,"909824"
"673",673,679,"Tennessee",2007,11,118,0,1,0,0,1,2,1605,83740000,3.8,"TN",0,0,0,"6175727"
"674",674,682,"Tennessee",2008,25,104,4,2,0,1,1,5,1962,74340000,4.53,"TN",0,0,0,"6247411"
"675",675,686,"Tennessee",2009,29,114,0,2,0,1,1,5,4072,87320000,3.65,"TN",0,0,0,"6306019"
"676",676,684,"Tennessee",2010,39,170,0,1,0,1,0,4,4119,74880000,4.74,"TN",0,0,0,"6355311"
"677",677,680,"Tennessee",2011,44,294,0,1,0,1,0,3,4385,96285000,6.56,"TN",0,0,0,"6399291"
"678",678,683,"Tennessee",2012,43,908,0,1,0,1,0,3,4001,81600000,7.28,"TN",0,0,0,"6453898"
"679",679,688,"Tennessee",2013,52,1073,0,0,0,0,0,2,4157,126360000,4.87,"TN",0,0,0,"6494340"
"680",680,685,"Tennessee",2014,66,1138,1,1,0,1,0,2,4184,141120000,3.81,"TN",0,0,0,"6541223"
"681",681,687,"Tennessee",2015,69,1086,0,1,0,1,0,2,4145,116800000,3.92,"TN",0,0,0,"6591170"
"682",682,678,"Tennessee",2016,79,1216,0,1,0,1,0,0,4429,125330000,3.66,"TN",0,0,0,"6646010"
"683",683,681,"Tennessee",2017,81,1271,0,1,0,1,0,0,4455,121410000,3.55,"TN",0,0,0,"6708799"
"684",684,673,"Tennessee",2018,78,1343,0,1,0,1,0,0,4376,112560000,3.76,"TN",0,0,0,"6771631"
"685",685,675,"Tennessee",2019,73,1381,0,0,0,0,0,0,4420,119766666.666667,3.65666666666667,"TN",1,1,1,"6829174"
"686",686,674,"Tennessee",2020,89,1525,0,0,0,0,0,0,4417,117912222.222222,3.65555555555556,"TN",1,1,1,"6925619"
"687",687,676,"Tennessee",2021,95,1830,0,0,0,0,0,0,4404.33333333333,116746296.296296,3.69074074074074,"TN",1,1,1,"6968351"
"688",688,677,"Tennessee",2022,92,1848,0,0,0,0,0,0,4413.77777777778,118141728.395062,3.66765432098765,"TN",1,1,1,"7051339"
"689",689,693,"Texas",2007,33,635,0,1,0,1,0,0,0,291560000,4.35,"TX",0,0,0,"23831983"
"690",690,692,"Texas",2008,35,593,1,2,0,2,0,0,4495,239540000,4.82,"TX",0,0,0,"24309039"
"691",691,691,"Texas",2009,41,629,2,2,0,2,0,1,3985,243040000,4.01,"TX",0,0,0,"24801761"
"692",692,700,"Texas",2010,48,646,1,2,0,1,1,1,4984,299520000,4.67,"TX",0,0,0,"25241971"
"693",693,697,"Texas",2011,58,992,0,2,0,1,1,1,5722,133770000,6.61,"TX",0,0,0,"25645629"
"694",694,698,"Texas",2012,80,1940,0,2,0,1,1,1,6737,199950000,7.12,"TX",0,0,0,"26084481"
"695",695,689,"Texas",2013,81,2231,0,1,0,0,1,1,4987,265200000,5.14,"TX",0,0,0,"26480266"
"696",696,701,"Texas",2014,136,2541,0,1,0,0,1,1,7308,294520000,4.42,"TX",0,0,0,"26964333"
"697",697,702,"Texas",2015,197,2864,0,0,0,0,0,1,8241,265950000,4.2,"TX",0,0,0,"27470056"
"698",698,696,"Texas",2016,193,3290,0,0,0,0,0,1,8500,323850000,3.71,"TX",0,0,0,"27914410"
"699",699,690,"Texas",2017,215,3573,0,0,0,0,0,1,8663,313600000,3.7,"TX",0,0,0,"28295273"
"700",700,703,"Texas",2018,220,3968,0,0,0,0,0,1,8266,1.89e+08,4.13,"TX",0,0,0,"28628666"
"701",701,699,"Texas",2019,232,4847,0,0,0,0,0,0,6929.66666666667,244760000,4.11666666666667,"TX",1,1,1,"28995881"
"702",702,694,"Texas",2020,241,5624,1,1,0,1,0,0,5549,231680000,4.52,"TX",0,0,0,"29232474"
"703",703,704,"Texas",2021,269,6278,0,1,0,1,0,0,6974,236800000,6.18,"TX",0,0,0,"29558864"
"704",704,695,"Texas",2022,257,7047,0,1,0,1,0,0,6484.22222222222,237746666.666667,4.93888888888889,"TX",1,1,1,"30029572"
"705",705,707,"Utah",2007,4,93,0,0,0,0,0,0,0,3845333.33333333,4.17,"UT",1,1,1,"2597746"
"706",706,715,"Utah",2008,5,95,0,0,0,0,0,0,0,3543888.88888889,4.34,"UT",1,1,1,"2663029"
"707",707,719,"Utah",2009,5,92,0,0,0,0,0,0,0,3744851.85185185,4.22666666666667,"UT",1,1,1,"2723421"
"708",708,708,"Utah",2010,5,109,0,0,0,0,0,0,0,3711358.02469136,4.24555555555556,"UT",1,1,1,"2775332"
"709",709,706,"Utah",2011,4,124,0,0,0,0,0,0,0,3767181.06995885,4.21407407407407,"UT",1,1,1,"2814384"
"710",710,711,"Utah",2012,4,191,0,0,0,0,0,0,0,3774624.14266118,4.20987654320988,"UT",1,1,1,"2853375"
"711",711,705,"Utah",2013,3,200,0,0,0,0,0,0,0,3845333.33333333,4.17,"UT",1,1,1,"2897640"
"712",712,717,"Utah",2014,3,270,0,0,0,0,0,0,0,3953777.77777778,4.24,"UT",1,1,1,"2936879"
"713",713,710,"Utah",2015,3,417,1,0,0,0,0,1,0,2941000,4.68,"UT",0,0,0,"2981835"
"714",714,709,"Utah",2016,1,446,0,0,0,0,0,1,0,5075000,3.87,"UT",0,0,0,"3041868"
"715",715,712,"Utah",2017,1,521,0,0,0,0,0,1,0,3520000,3.96,"UT",0,0,0,"3101042"
"716",716,714,"Utah",2018,2,662,0,0,0,0,0,1,0,4004000,4.31,"UT",0,0,0,"3153550"
"717",717,718,"Utah",2019,2,1044,0,0,0,0,0,1,0,3718000,4.3,"UT",0,0,0,"3205958"
"718",718,716,"Utah",2020,2,1710,0,0,0,0,0,0,0,3747333.33333333,4.19,"UT",1,1,1,"3283785"
"719",719,713,"Utah",2021,1,2059,0,0,0,0,0,0,0,3823111.11111111,4.26666666666667,"UT",1,1,1,"3339113"
"720",720,720,"Utah",2022,1,1938,0,0,0,0,0,0,0,3762814.81481481,4.25222222222222,"UT",1,1,1,"3380800"
"721",721,731,"Vermont",2007,0,15,0,0,0,0,0,0,0,0,0,"VT",1,1,1,"623481"
"722",722,725,"Vermont",2008,0,11,0,0,0,0,0,0,0,0,0,"VT",1,1,1,"624151"
"723",723,723,"Vermont",2009,0,10,1,0,0,0,0,1,0,0,0,"VT",0,1,1,"624817"
"724",724,728,"Vermont",2010,0,13,0,0,0,0,0,1,0,0,0,"VT",0,1,1,"625879"
"725",725,726,"Vermont",2011,15,185,1,0,0,0,0,2,0,0,0,"VT",0,1,1,"627049"
"726",726,727,"Vermont",2012,18,408,1,0,0,0,0,3,0,0,0,"VT",0,1,1,"626090"
"727",727,735,"Vermont",2013,19,480,1,1,1,0,0,2,0,0,0,"VT",0,1,1,"626210"
"728",728,721,"Vermont",2014,1,129,0,1,1,0,0,2,0,0,0,"VT",0,1,1,"625214"
"729",729,729,"Vermont",2015,1,285,1,1,1,0,0,2,0,0,0,"VT",0,1,1,"625216"
"730",730,730,"Vermont",2016,1,398,0,1,1,0,0,1,0,0,0,"VT",0,1,1,"623657"
"731",731,722,"Vermont",2017,0,442,1,1,1,0,0,2,0,0,0,"VT",0,1,1,"624344"
"732",732,733,"Vermont",2018,0,542,0,0,0,0,0,2,0,0,0,"VT",0,1,1,"624358"
"733",733,734,"Vermont",2019,0,670,0,0,0,0,0,2,0,0,0,"VT",0,1,1,"623989"
"734",734,724,"Vermont",2020,0,803,0,0,0,0,0,1,0,0,0,"VT",0,1,1,"642893"
"735",735,736,"Vermont",2021,0,877,0,0,0,0,0,0,0,0,0,"VT",1,1,1,"646972"
"736",736,732,"Vermont",2022,0,901,0,0,0,0,0,0,0,0,0,"VT",1,1,1,"647064"
"737",737,747,"Virginia",2007,5,54,0,1,0,0,1,0,0,34830000,4.39,"VA",0,0,0,"7751000"
"738",738,744,"Virginia",2008,6,57,0,1,0,0,1,0,0,36720000,4.51,"VA",0,0,0,"7833496"
"739",739,745,"Virginia",2009,9,79,0,1,0,0,1,0,0,43230000,3.66,"VA",0,0,0,"7925937"
"740",740,752,"Virginia",2010,11,78,2,1,0,0,1,2,0,20770000,5.54,"VA",0,0,0,"8023699"
"741",741,738,"Virginia",2011,0,18,1,2,1,0,1,2,0,40120000,6.58,"VA",0,0,0,"8101155"
"742",742,751,"Virginia",2012,1,37,1,2,1,0,1,3,0,36050000,7.3,"VA",0,0,0,"8185080"
"743",743,741,"Virginia",2013,1,60,0,2,1,0,1,3,0,55440000,4.8,"VA",0,0,0,"8252427"
"744",744,742,"Virginia",2014,17,719,0,2,1,0,1,1,897,50750000,3.9,"VA",0,0,0,"8310993"
"745",745,749,"Virginia",2015,18,892,0,0,0,0,0,0,299,47413333.3333333,5.33333333333333,"VA",1,1,1,"8361808"
"746",746,739,"Virginia",2016,22,1139,0,0,0,0,0,0,398.666666666667,51201111.1111111,4.67777777777778,"VA",1,1,1,"8410106"
"747",747,748,"Virginia",2017,31,1261,0,0,0,0,0,0,531.555555555556,49788148.1481481,4.63703703703704,"VA",1,1,1,"8463587"
"748",748,750,"Virginia",2018,47,1613,0,0,0,0,0,0,409.740740740741,49467530.8641975,4.88271604938272,"VA",1,1,1,"8501286"
"749",749,740,"Virginia",2019,58,2238,0,0,0,0,0,0,446.654320987654,50152263.3744856,4.73251028806584,"VA",1,1,1,"8535519"
"750",750,743,"Virginia",2020,61,2683,0,0,0,0,0,0,462.650205761317,49802647.4622771,4.75075445816187,"VA",1,1,1,"8636471"
"751",751,746,"Virginia",2021,64,3482,0,0,0,0,0,0,439.681755829904,49807480.5669867,4.78866026520348,"VA",1,1,1,"8657365"
"752",752,737,"Virginia",2022,72,3839,0,0,0,0,0,0,449.662094192958,49920797.1345831,4.75730833714373,"VA",1,1,1,"8683619"
"753",753,766,"Washington",2007,7,112,2,2,1,0,1,1,0,24150000,4.5,"WA",0,0,0,"6461587"
"754",754,753,"Washington",2008,14,123,1,2,1,0,1,2,0,18450000,4.56,"WA",0,0,0,"6562231"
"755",755,757,"Washington",2009,15,144,2,3,1,0,2,3,0,22575000,4.59,"WA",0,0,0,"6667426"
"756",756,761,"Washington",2010,15,142,1,4,1,0,3,3,0,25625000,6.08,"WA",0,0,0,"6742830"
"757",757,759,"Washington",2011,19,571,1,5,1,0,4,2,0,28125000,6.22,"WA",0,0,0,"6826627"
"758",758,758,"Washington",2012,20,1221,1,5,1,0,4,3,0,24725000,6.69,"WA",0,0,0,"6897058"
"759",759,765,"Washington",2013,24,1476,0,5,1,0,4,2,0,22575000,5.29,"WA",0,0,0,"6963985"
"760",760,754,"Washington",2014,21,1632,0,5,1,0,4,2,0,23650000,4.9,"WA",0,0,0,"7054655"
"761",761,764,"Washington",2015,21,1756,0,4,1,0,3,2,0,16125000,4.3,"WA",0,0,0,"7163657"
"762",762,768,"Washington",2016,21,2013,1,1,0,0,1,2,0,19975000,4.71,"WA",0,0,0,"7294771"
"763",763,756,"Washington",2017,19,2320,0,1,0,0,1,1,0,1.8e+07,4.05,"WA",0,0,0,"7423362"
"764",764,755,"Washington",2018,20,2741,0,1,0,0,1,1,0,18700000,4.11,"WA",0,0,0,"7523869"
"765",765,767,"Washington",2019,20,3371,0,0,0,0,0,0,0,18891666.6666667,4.29,"WA",1,1,1,"7614893"
"766",766,762,"Washington",2020,16,3932,0,0,0,0,0,0,0,18530555.5555556,4.15,"WA",1,1,1,"7724031"
"767",767,760,"Washington",2021,14,4471,0,0,0,0,0,0,0,18707407.4074074,4.18333333333333,"WA",1,1,1,"7740745"
"768",768,763,"Washington",2022,12,4654,0,0,0,0,0,0,0,18709876.5432099,4.20777777777778,"WA",1,1,1,"7785786"
"769",769,771,"West Virginia",2007,3,12,0,0,0,0,0,0,0,3541333.33333333,6.48333333333333,"WV",1,1,1,"1834052"
"770",770,770,"West Virginia",2008,3,10,0,0,0,0,0,0,0,3228444.44444444,6.24444444444444,"WV",1,1,1,"1840310"
"771",771,781,"West Virginia",2009,3,13,0,0,0,0,0,0,0,3126592.59259259,6.15925925925926,"WV",1,1,1,"1847775"
"772",772,774,"West Virginia",2010,3,14,1,0,0,0,0,1,0,2610000,5.75,"WV",0,0,0,"1854239"
"773",773,775,"West Virginia",2011,140,267,0,0,0,0,0,1,0,3534000,6.5,"WV",0,0,0,"1856301"
"774",774,780,"West Virginia",2012,126,398,0,0,0,0,0,1,0,4480000,7.2,"WV",0,0,0,"1856872"
"775",775,772,"West Virginia",2013,115,430,0,0,0,0,0,0,0,3541333.33333333,6.48333333333333,"WV",1,1,1,"1853914"
"776",776,784,"West Virginia",2014,9,127,0,0,0,0,0,0,0,3851777.77777778,6.72777777777778,"WV",1,1,1,"1849489"
"777",777,773,"West Virginia",2015,9,98,0,0,0,0,0,0,0,4326370.37037037,5.83481481481481,"WV",1,1,1,"1842050"
"778",778,769,"West Virginia",2016,11,126,0,0,0,0,0,0,0,4588049.38271605,5.61864197530864,"WV",1,1,1,"1831023"
"779",779,776,"West Virginia",2017,33,247,0,0,0,0,0,0,0,5586000,4.29333333333333,"WV",1,1,1,"1817004"
"780",780,777,"West Virginia",2018,33,260,1,0,0,0,0,1,0,5016000,4.08,"WV",0,0,0,"1804291"
"781",781,778,"West Virginia",2019,34,295,0,0,0,0,0,1,0,6270000,4.1,"WV",0,0,0,"1792147"
"782",782,779,"West Virginia",2020,37,311,0,0,0,0,0,1,0,5472000,4.7,"WV",0,0,0,"1791420"
"783",783,783,"West Virginia",2021,38,365,0,0,0,0,0,1,0,5472000,6.1,"WV",0,0,0,"1785526"
"784",784,782,"West Virginia",2022,38,444,0,0,0,0,0,1,0,5738000,4.96666666666667,"WV",1,1,1,"1775156"
"785",785,792,"Wisconsin",2007,84,152,1,1,1,0,0,4,6759,442800000,4.11,"WI",0,0,0,"5610775"
"786",786,791,"Wisconsin",2008,113,173,2,1,1,0,0,5,10652,394560000,3.89,"WI",0,0,0,"5640996"
"787",787,785,"Wisconsin",2009,127,191,0,1,1,0,0,5,11000,448290000,3.57,"WI",0,0,0,"5669264"
"788",788,795,"Wisconsin",2010,132,203,2,1,1,0,0,7,11629,502200000,5.27,"WI",0,0,0,"5690475"
"789",789,796,"Wisconsin",2011,3,20,0,1,1,0,0,4,12354,514600000,6.02,"WI",0,0,0,"5705288"
"790",790,788,"Wisconsin",2012,4,52,0,1,1,0,0,2,11956,3.96e+08,6.69,"WI",0,0,0,"5719960"
"791",791,787,"Wisconsin",2013,4,63,0,1,1,0,0,1,11751,439350000,4.38,"WI",0,0,0,"5736754"
"792",792,797,"Wisconsin",2014,136,561,0,0,0,0,0,1,13035,485160000,3.67,"WI",0,0,0,"5751525"
"793",793,798,"Wisconsin",2015,156,670,0,0,0,0,0,1,13460,4.92e+08,3.46,"WI",0,0,0,"5760940"
"794",794,789,"Wisconsin",2016,151,734,0,0,0,0,0,1,13827,573160000,3.28,"WI",0,0,0,"5772628"
"795",795,794,"Wisconsin",2017,157,790,0,0,0,0,0,1,14333,509820000,3.3,"WI",0,0,0,"5790186"
"796",796,800,"Wisconsin",2018,212,900,0,0,0,0,0,1,15113,545240000,3.52,"WI",0,0,0,"5807406"
"797",797,786,"Wisconsin",2019,227,1059,0,0,0,0,0,0,12901,520650000,3.75333333333333,"WI",1,1,1,"5822434"
"798",798,790,"Wisconsin",2020,256,1202,0,1,0,1,0,0,10990,506890000,4.44,"WI",0,0,0,"5896271"
"799",799,793,"Wisconsin",2021,261,1310,1,1,0,1,0,0,12600,5.4e+08,6,"WI",0,0,0,"5880101"
"800",800,799,"Wisconsin",2022,257,1461,0,0,0,0,0,0,12163.6666666667,522513333.333333,4.73111111111111,"WI",1,1,1,"5892539"
"801",801,811,"Wyoming",2007,5,58,0,1,1,0,0,0,120,7740000,3.12,"WY",0,0,0,"534876"
"802",802,812,"Wyoming",2008,6,55,0,1,1,0,0,0,150,6968000,4.25,"WY",0,0,0,"546043"
"803",803,813,"Wyoming",2009,6,51,0,1,1,0,0,0,155,6300000,4.06,"WY",0,0,0,"559851"
"804",804,802,"Wyoming",2010,6,52,0,0,0,0,0,0,0,7456000,4.83666666666667,"WY",1,1,1,"564487"
"805",805,801,"Wyoming",2011,5,48,1,0,0,0,0,1,269,9100000,6.2,"WY",0,0,0,"567299"
"806",806,815,"Wyoming",2012,9,53,0,0,0,0,0,1,314,8520000,7.05,"WY",0,0,0,"576305"
"807",807,816,"Wyoming",2013,9,52,0,0,0,0,0,1,317,8509000,4.08,"WY",0,0,0,"582122"
"808",808,806,"Wyoming",2014,10,69,0,0,0,0,0,1,303,8280000,3.8,"WY",0,0,0,"582531"
"809",809,803,"Wyoming",2015,11,98,0,0,0,0,0,1,209,9381000,3.44,"WY",0,0,0,"585613"
"810",810,804,"Wyoming",2016,10,129,1,1,0,1,0,0,0,10143000,3.39,"WY",0,0,0,"584215"
"811",811,805,"Wyoming",2017,12,149,0,1,0,1,0,0,0,9765000,3.35,"WY",0,0,0,"578931"
"812",812,814,"Wyoming",2018,12,179,0,0,0,0,0,0,0,9383000,3.39666666666667,"WY",1,1,1,"577601"
"813",813,810,"Wyoming",2019,11,203,1,1,0,1,0,0,0,8241000,3.45,"WY",0,0,0,"578759"
"814",814,807,"Wyoming",2020,10,213,0,1,0,1,0,0,0,6588000,3.95,"WY",0,0,0,"577605"
"815",815,808,"Wyoming",2021,9,222,0,1,0,1,0,0,0,10428000,6,"WY",0,0,0,"579483"
"816",816,809,"Wyoming",2022,8,246,0,1,0,1,0,0,0,8419000,4.46666666666667,"WY",1,1,1,"581381"
