"","state","year","e85","total","ratio_e85"
"1","Alabama","2007",3,71,4.22535211267606
"2","Alaska","2007",0,11,0
"3","Arizona","2007",13,134,9.70149253731343
"4","Arkansas","2007",4,51,7.84313725490196
"5","California","2007",6,856,0.700934579439252
"6","Colorado","2007",45,157,28.6624203821656
"7","Connecticut","2007",2,32,6.25
"8","Delaware","2007",1,8,12.5
"9","District of Columbia","2007",3,6,50
"10","Florida","2007",11,94,11.7021276595745
"11","Georgia","2007",11,96,11.4583333333333
"12","Hawaii","2007",0,16,0
"13","Idaho","2007",4,73,5.47945205479452
"14","Illinois","2007",159,244,65.1639344262295
"15","Indiana","2007",98,158,62.0253164556962
"16","Iowa","2007",75,112,66.9642857142857
"17","Kansas","2007",20,73,27.3972602739726
"18","Kentucky","2007",8,34,23.5294117647059
"19","Louisiana","2007",1,24,4.16666666666667
"20","Maine","2007",0,11,0
"21","Maryland","2007",8,44,18.1818181818182
"22","Massachusetts","2007",0,59,0
"23","Michigan","2007",51,164,31.0975609756098
"24","Minnesota","2007",313,348,89.9425287356322
"25","Mississippi","2007",1,42,2.38095238095238
"26","Missouri","2007",69,186,37.0967741935484
"27","Montana","2007",2,40,5
"28","Nebraska","2007",27,53,50.9433962264151
"29","Nevada","2007",6,73,8.21917808219178
"30","New Hampshire","2007",0,37,0
"31","New Jersey","2007",0,21,0
"32","New Mexico","2007",6,75,8
"33","New York","2007",8,83,9.63855421686747
"34","North Carolina","2007",12,138,8.69565217391304
"35","North Dakota","2007",23,41,56.0975609756098
"36","Ohio","2007",47,155,30.3225806451613
"37","Oklahoma","2007",4,131,3.05343511450382
"38","Oregon","2007",6,94,6.38297872340426
"39","Pennsylvania","2007",12,150,8
"40","Rhode Island","2007",0,13,0
"41","South Carolina","2007",55,159,34.5911949685535
"42","South Dakota","2007",59,76,77.6315789473684
"43","Tennessee","2007",11,118,9.32203389830508
"44","Texas","2007",33,635,5.19685039370079
"45","Utah","2007",4,93,4.3010752688172
"46","Vermont","2007",0,15,0
"47","Virginia","2007",5,54,9.25925925925926
"48","Washington","2007",7,112,6.25
"49","West Virginia","2007",3,12,25
"50","Wisconsin","2007",84,152,55.2631578947368
"51","Wyoming","2007",5,58,8.62068965517241
"52","Total","2007",1325,5692,23.2782853127196
"53","Alabama","2008",6,60,10
"54","Alaska","2008",0,11,0
"55","Arizona","2008",23,135,17.037037037037
"56","Arkansas","2008",7,49,14.2857142857143
"57","California","2008",13,862,1.50812064965197
"58","Colorado","2008",65,144,45.1388888888889
"59","Connecticut","2008",4,31,12.9032258064516
"60","Delaware","2008",1,7,14.2857142857143
"61","District of Columbia","2008",3,6,50
"62","Florida","2008",18,97,18.5567010309278
"63","Georgia","2008",28,111,25.2252252252252
"64","Hawaii","2008",0,15,0
"65","Idaho","2008",5,44,11.3636363636364
"66","Illinois","2008",181,262,69.0839694656488
"67","Indiana","2008",111,162,68.5185185185185
"68","Iowa","2008",107,136,78.6764705882353
"69","Kansas","2008",23,74,31.0810810810811
"70","Kentucky","2008",11,25,44
"71","Louisiana","2008",3,18,16.6666666666667
"72","Maine","2008",0,14,0
"73","Maryland","2008",12,47,25.531914893617
"74","Massachusetts","2008",1,51,1.96078431372549
"75","Michigan","2008",60,166,36.144578313253
"76","Minnesota","2008",353,385,91.6883116883117
"77","Mississippi","2008",2,40,5
"78","Missouri","2008",87,164,53.0487804878049
"79","Montana","2008",1,37,2.7027027027027
"80","Nebraska","2008",35,58,60.3448275862069
"81","Nevada","2008",16,69,23.1884057971014
"82","New Hampshire","2008",0,33,0
"83","New Jersey","2008",0,22,0
"84","New Mexico","2008",8,76,10.5263157894737
"85","New York","2008",17,145,11.7241379310345
"86","North Carolina","2008",14,136,10.2941176470588
"87","North Dakota","2008",30,46,65.2173913043478
"88","Ohio","2008",64,162,39.5061728395062
"89","Oklahoma","2008",6,127,4.7244094488189
"90","Oregon","2008",8,102,7.84313725490196
"91","Pennsylvania","2008",19,114,16.6666666666667
"92","Rhode Island","2008",0,15,0
"93","South Carolina","2008",72,169,42.603550295858
"94","South Dakota","2008",78,94,82.9787234042553
"95","Tennessee","2008",25,104,24.0384615384615
"96","Texas","2008",35,593,5.90219224283305
"97","Utah","2008",5,95,5.26315789473684
"98","Vermont","2008",0,11,0
"99","Virginia","2008",6,57,10.5263157894737
"100","Washington","2008",14,123,11.3821138211382
"101","West Virginia","2008",3,10,30
"102","Wisconsin","2008",113,173,65.3179190751445
"103","Wyoming","2008",6,55,10.9090909090909
"104","Total","2008",1699,5742,29.5889933820968
"105","Alabama","2009",16,191,8.37696335078534
"106","Alaska","2009",0,11,0
"107","Arizona","2009",26,143,18.1818181818182
"108","Arkansas","2009",10,63,15.8730158730159
"109","California","2009",45,937,4.8025613660619
"110","Colorado","2009",80,168,47.6190476190476
"111","Connecticut","2009",4,31,12.9032258064516
"112","Delaware","2009",1,7,14.2857142857143
"113","District of Columbia","2009",3,7,42.8571428571429
"114","Florida","2009",30,125,24
"115","Georgia","2009",37,122,30.327868852459
"116","Hawaii","2009",0,12,0
"117","Idaho","2009",5,51,9.80392156862745
"118","Illinois","2009",204,311,65.5948553054662
"119","Indiana","2009",112,169,66.2721893491124
"120","Iowa","2009",124,153,81.0457516339869
"121","Kansas","2009",31,85,36.4705882352941
"122","Kentucky","2009",15,42,35.7142857142857
"123","Louisiana","2009",5,26,19.2307692307692
"124","Maine","2009",0,13,0
"125","Maryland","2009",15,46,32.6086956521739
"126","Massachusetts","2009",2,55,3.63636363636364
"127","Michigan","2009",95,199,47.7386934673367
"128","Minnesota","2009",351,381,92.1259842519685
"129","Mississippi","2009",4,47,8.51063829787234
"130","Missouri","2009",97,182,53.2967032967033
"131","Montana","2009",1,53,1.88679245283019
"132","Nebraska","2009",48,71,67.6056338028169
"133","Nevada","2009",14,68,20.5882352941176
"134","New Hampshire","2009",0,25,0
"135","New Jersey","2009",2,31,6.45161290322581
"136","New Mexico","2009",10,77,12.987012987013
"137","New York","2009",38,177,21.4689265536723
"138","North Carolina","2009",19,227,8.37004405286344
"139","North Dakota","2009",30,59,50.8474576271186
"140","Ohio","2009",63,162,38.8888888888889
"141","Oklahoma","2009",11,123,8.94308943089431
"142","Oregon","2009",8,99,8.08080808080808
"143","Pennsylvania","2009",26,127,20.4724409448819
"144","Rhode Island","2009",0,12,0
"145","South Carolina","2009",87,142,61.2676056338028
"146","South Dakota","2009",78,96,81.25
"147","Tennessee","2009",29,114,25.4385964912281
"148","Texas","2009",41,629,6.51828298887122
"149","Utah","2009",5,92,5.43478260869565
"150","Vermont","2009",0,10,0
"151","Virginia","2009",9,79,11.3924050632911
"152","Washington","2009",15,144,10.4166666666667
"153","West Virginia","2009",3,13,23.0769230769231
"154","Wisconsin","2009",127,191,66.4921465968586
"155","Wyoming","2009",6,51,11.7647058823529
"156","Total","2009",1982,6449,30.7334470460537
"157","Alabama","2010",15,153,9.80392156862745
"158","Alaska","2010",0,11,0
"159","Arizona","2010",32,157,20.3821656050955
"160","Arkansas","2010",13,75,17.3333333333333
"161","California","2010",54,1011,5.34124629080119
"162","Colorado","2010",86,179,48.0446927374302
"163","Connecticut","2010",1,37,2.7027027027027
"164","Delaware","2010",1,8,12.5
"165","District of Columbia","2010",3,8,37.5
"166","Florida","2010",42,154,27.2727272727273
"167","Georgia","2010",41,133,30.8270676691729
"168","Hawaii","2010",1,17,5.88235294117647
"169","Idaho","2010",7,58,12.0689655172414
"170","Illinois","2010",219,341,64.2228739002933
"171","Indiana","2010",138,202,68.3168316831683
"172","Iowa","2010",144,173,83.2369942196532
"173","Kansas","2010",39,84,46.4285714285714
"174","Kentucky","2010",21,67,31.3432835820896
"175","Louisiana","2010",5,29,17.2413793103448
"176","Maine","2010",0,9,0
"177","Maryland","2010",19,57,33.3333333333333
"178","Massachusetts","2010",3,57,5.26315789473684
"179","Michigan","2010",109,221,49.3212669683258
"180","Minnesota","2010",360,396,90.9090909090909
"181","Mississippi","2010",3,50,6
"182","Missouri","2010",103,193,53.3678756476684
"183","Montana","2010",2,64,3.125
"184","Nebraska","2010",58,79,73.4177215189873
"185","Nevada","2010",26,89,29.2134831460674
"186","New Hampshire","2010",0,25,0
"187","New Jersey","2010",4,42,9.52380952380952
"188","New Mexico","2010",11,82,13.4146341463415
"189","New York","2010",75,238,31.5126050420168
"190","North Carolina","2010",20,254,7.8740157480315
"191","North Dakota","2010",55,85,64.7058823529412
"192","Ohio","2010",67,169,39.6449704142012
"193","Oklahoma","2010",13,126,10.3174603174603
"194","Oregon","2010",8,112,7.14285714285714
"195","Pennsylvania","2010",37,140,26.4285714285714
"196","Rhode Island","2010",0,13,0
"197","South Carolina","2010",101,165,61.2121212121212
"198","South Dakota","2010",101,121,83.4710743801653
"199","Tennessee","2010",39,170,22.9411764705882
"200","Texas","2010",48,646,7.43034055727554
"201","Utah","2010",5,109,4.58715596330275
"202","Vermont","2010",0,13,0
"203","Virginia","2010",11,78,14.1025641025641
"204","Washington","2010",15,142,10.5633802816901
"205","West Virginia","2010",3,14,21.4285714285714
"206","Wisconsin","2010",132,203,65.0246305418719
"207","Wyoming","2010",6,52,11.5384615384615
"208","Total","2010",2296,7111,32.2880045000703
"209","Alabama","2011",20,148,13.5135135135135
"210","Alaska","2011",0,9,0
"211","Arizona","2011",33,189,17.4603174603175
"212","Arkansas","2011",20,91,21.978021978022
"213","California","2011",58,2006,2.8913260219342
"214","Colorado","2011",83,213,38.9671361502347
"215","Connecticut","2011",0,75,0
"216","Delaware","2011",1,6,16.6666666666667
"217","District of Columbia","2011",3,58,5.17241379310345
"218","Florida","2011",62,520,11.9230769230769
"219","Georgia","2011",51,194,26.2886597938144
"220","Hawaii","2011",1,73,1.36986301369863
"221","Idaho","2011",9,74,12.1621621621622
"222","Illinois","2011",218,491,44.3991853360489
"223","Indiana","2011",153,227,67.4008810572687
"224","Iowa","2011",167,215,77.6744186046512
"225","Kansas","2011",40,101,39.6039603960396
"226","Kentucky","2011",29,75,38.6666666666667
"227","Louisiana","2011",2,47,4.25531914893617
"228","Maine","2011",0,11,0
"229","Maryland","2011",23,220,10.4545454545455
"230","Massachusetts","2011",4,113,3.53982300884956
"231","Michigan","2011",122,578,21.1072664359862
"232","Minnesota","2011",364,476,76.4705882352941
"233","Mississippi","2011",2,51,3.92156862745098
"234","Missouri","2011",106,224,47.3214285714286
"235","Montana","2011",1,55,1.81818181818182
"236","Nebraska","2011",68,92,73.9130434782609
"237","Nevada","2011",23,109,21.1009174311927
"238","New Hampshire","2011",0,36,0
"239","New Jersey","2011",4,110,3.63636363636364
"240","New Mexico","2011",9,81,11.1111111111111
"241","New York","2011",82,480,17.0833333333333
"242","North Carolina","2011",29,409,7.09046454767726
"243","North Dakota","2011",74,97,76.2886597938144
"244","Ohio","2011",84,223,37.6681614349776
"245","Oklahoma","2011",15,140,10.7142857142857
"246","Oregon","2011",9,392,2.29591836734694
"247","Pennsylvania","2011",35,176,19.8863636363636
"248","Rhode Island","2011",0,18,0
"249","South Carolina","2011",100,246,40.650406504065
"250","South Dakota","2011",102,120,85
"251","Tennessee","2011",44,294,14.9659863945578
"252","Texas","2011",58,992,5.84677419354839
"253","Utah","2011",4,124,3.2258064516129
"254","Vermont","2011",0,18,0
"255","Virginia","2011",15,185,8.10810810810811
"256","Washington","2011",19,571,3.32749562171629
"257","West Virginia","2011",3,20,15
"258","Wisconsin","2011",140,267,52.4344569288389
"259","Wyoming","2011",5,48,10.4166666666667
"260","Total","2011",2494,11788,21.1571089243298
"261","Alabama","2012",28,198,14.1414141414141
"262","Alaska","2012",0,12,0
"263","Arizona","2012",32,682,4.69208211143695
"264","Arkansas","2012",33,122,27.0491803278689
"265","California","2012",71,4261,1.66627552217789
"266","Colorado","2012",84,407,20.6388206388206
"267","Connecticut","2012",1,187,0.53475935828877
"268","Delaware","2012",1,20,5
"269","District of Columbia","2012",3,112,2.67857142857143
"270","Florida","2012",51,1024,4.98046875
"271","Georgia","2012",59,347,17.0028818443804
"272","Hawaii","2012",3,333,0.900900900900901
"273","Idaho","2012",9,62,14.5161290322581
"274","Illinois","2012",206,821,25.0913520097442
"275","Indiana","2012",157,527,29.7912713472486
"276","Iowa","2012",188,289,65.0519031141868
"277","Kansas","2012",32,148,21.6216216216216
"278","Kentucky","2012",35,121,28.9256198347107
"279","Louisiana","2012",4,107,3.73831775700935
"280","Maine","2012",1,36,2.77777777777778
"281","Maryland","2012",22,464,4.74137931034483
"282","Massachusetts","2012",8,469,1.70575692963753
"283","Michigan","2012",129,896,14.3973214285714
"284","Minnesota","2012",360,564,63.8297872340426
"285","Mississippi","2012",1,182,0.549450549450549
"286","Missouri","2012",110,310,35.4838709677419
"287","Montana","2012",3,54,5.55555555555556
"288","Nebraska","2012",77,118,65.2542372881356
"289","Nevada","2012",19,128,14.84375
"290","New Hampshire","2012",0,59,0
"291","New Jersey","2012",5,235,2.12765957446809
"292","New Mexico","2012",14,112,12.5
"293","New York","2012",84,780,10.7692307692308
"294","North Carolina","2012",30,726,4.13223140495868
"295","North Dakota","2012",79,106,74.5283018867924
"296","Ohio","2012",88,355,24.7887323943662
"297","Oklahoma","2012",27,203,13.3004926108374
"298","Oregon","2012",8,855,0.935672514619883
"299","Pennsylvania","2012",32,368,8.69565217391304
"300","Rhode Island","2012",0,55,0
"301","South Carolina","2012",84,370,22.7027027027027
"302","South Dakota","2012",100,128,78.125
"303","Tennessee","2012",43,908,4.73568281938326
"304","Texas","2012",80,1940,4.12371134020619
"305","Utah","2012",4,191,2.09424083769634
"306","Vermont","2012",1,37,2.7027027027027
"307","Virginia","2012",18,408,4.41176470588235
"308","Washington","2012",20,1221,1.63800163800164
"309","West Virginia","2012",4,52,7.69230769230769
"310","Wisconsin","2012",126,398,31.6582914572864
"311","Wyoming","2012",9,53,16.9811320754717
"312","Total","2012",2583,22561,11.4489605957183
"313","Alabama","2013",29,10,290
"314","Alaska","2013",0,225,0
"315","Arizona","2013",31,120,25.8333333333333
"316","Arkansas","2013",30,921,3.25732899022801
"317","California","2013",88,5903,1.49076740640352
"318","Colorado","2013",85,449,18.9309576837416
"319","Connecticut","2013",1,254,0.393700787401575
"320","Delaware","2013",1,27,3.7037037037037
"321","District of Columbia","2013",3,74,4.05405405405405
"322","Florida","2013",54,1165,4.63519313304721
"323","Georgia","2013",61,539,11.317254174397
"324","Hawaii","2013",3,370,0.810810810810811
"325","Idaho","2013",9,305,2.95081967213115
"326","Illinois","2013",218,66,330.30303030303
"327","Indiana","2013",169,899,18.7986651835373
"328","Iowa","2013",186,554,33.5740072202166
"329","Kansas","2013",28,186,15.0537634408602
"330","Kentucky","2013",55,155,35.4838709677419
"331","Louisiana","2013",4,114,3.50877192982456
"332","Maine","2013",1,607,0.164744645799012
"333","Maryland","2013",25,613,4.07830342577488
"334","Massachusetts","2013",8,41,19.5121951219512
"335","Michigan","2013",163,999,16.3163163163163
"336","Minnesota","2013",336,626,53.6741214057508
"337","Mississippi","2013",1,333,0.3003003003003
"338","Missouri","2013",106,172,61.6279069767442
"339","Montana","2013",4,59,6.77966101694915
"340","Nebraska","2013",75,814,9.21375921375921
"341","Nevada","2013",20,84,23.8095238095238
"342","New Hampshire","2013",0,137,0
"343","New Jersey","2013",5,58,8.62068965517241
"344","New Mexico","2013",13,268,4.85074626865672
"345","New York","2013",81,110,73.6363636363636
"346","North Carolina","2013",22,182,12.0879120879121
"347","North Dakota","2013",58,995,5.82914572864322
"348","Ohio","2013",97,385,25.1948051948052
"349","Oklahoma","2013",27,307,8.79478827361564
"350","Oregon","2013",8,995,0.804020100502513
"351","Pennsylvania","2013",33,429,7.69230769230769
"352","Rhode Island","2013",1,163,0.613496932515337
"353","South Carolina","2013",82,417,19.6642685851319
"354","South Dakota","2013",87,119,73.109243697479
"355","Tennessee","2013",52,1073,4.84622553588071
"356","Texas","2013",81,2231,3.63065889735545
"357","Utah","2013",3,200,1.5
"358","Vermont","2013",1,480,0.208333333333333
"359","Virginia","2013",19,60,31.6666666666667
"360","Washington","2013",24,1476,1.6260162601626
"361","West Virginia","2013",4,430,0.930232558139535
"362","Wisconsin","2013",115,63,182.539682539683
"363","Wyoming","2013",9,52,17.3076923076923
"364","Total","2013",2616,27314,9.57750604085817
"365","Alabama","2014",32,259,12.3552123552124
"366","Alaska","2014",0,8,0
"367","Arizona","2014",30,999,3.003003003003
"368","Arkansas","2014",43,155,27.741935483871
"369","California","2014",94,7758,1.21165248775458
"370","Colorado","2014",86,647,13.2921174652241
"371","Connecticut","2014",3,399,0.75187969924812
"372","Delaware","2014",1,37,2.7027027027027
"373","District of Columbia","2014",3,146,2.05479452054794
"374","Florida","2014",62,1446,4.28769017980636
"375","Georgia","2014",52,836,6.2200956937799
"376","Hawaii","2014",3,449,0.66815144766147
"377","Idaho","2014",8,78,10.2564102564103
"378","Illinois","2014",234,1200,19.5
"379","Indiana","2014",188,629,29.8887122416534
"380","Iowa","2014",210,353,59.4900849858357
"381","Kansas","2014",25,263,9.50570342205323
"382","Kentucky","2014",62,225,27.5555555555556
"383","Louisiana","2014",8,136,5.88235294117647
"384","Maine","2014",0,61,0
"385","Maryland","2014",34,723,4.70262793914246
"386","Massachusetts","2014",9,788,1.14213197969543
"387","Michigan","2014",220,1050,20.952380952381
"388","Minnesota","2014",278,780,35.6410256410256
"389","Mississippi","2014",3,161,1.86335403726708
"390","Missouri","2014",101,381,26.509186351706
"391","Montana","2014",2,70,2.85714285714286
"392","Nebraska","2014",80,160,50
"393","Nevada","2014",21,330,6.36363636363636
"394","New Hampshire","2014",1,88,1.13636363636364
"395","New Jersey","2014",5,306,1.63398692810458
"396","New Mexico","2014",14,140,10
"397","New York","2014",83,1336,6.2125748502994
"398","North Carolina","2014",23,967,2.37849017580145
"399","North Dakota","2014",77,104,74.0384615384615
"400","Ohio","2014",128,501,25.5489021956088
"401","Oklahoma","2014",25,321,7.78816199376947
"402","Oregon","2014",7,1071,0.65359477124183
"403","Pennsylvania","2014",33,542,6.08856088560886
"404","Rhode Island","2014",0,166,0
"405","South Carolina","2014",71,416,17.0673076923077
"406","South Dakota","2014",82,134,61.1940298507463
"407","Tennessee","2014",66,1138,5.79964850615114
"408","Texas","2014",136,2541,5.35222353404172
"409","Utah","2014",3,270,1.11111111111111
"410","Vermont","2014",1,129,0.775193798449612
"411","Virginia","2014",17,719,2.3643949930459
"412","Washington","2014",21,1632,1.28676470588235
"413","West Virginia","2014",9,127,7.08661417322835
"414","Wisconsin","2014",136,561,24.2424242424242
"415","Wyoming","2014",10,69,14.4927536231884
"416","Total","2014",2840,33805,8.40112409406892
"417","Alabama","2015",31,375,8.26666666666667
"418","Alaska","2015",0,11,0
"419","Arizona","2015",30,1059,2.8328611898017
"420","Arkansas","2015",47,182,25.8241758241758
"421","California","2015",107,11242,0.951787938089308
"422","Colorado","2015",89,921,9.66340933767644
"423","Connecticut","2015",4,542,0.738007380073801
"424","Delaware","2015",1,67,1.49253731343284
"425","District of Columbia","2015",3,246,1.21951219512195
"426","Florida","2015",74,2006,3.6889332003988
"427","Georgia","2015",58,1372,4.22740524781341
"428","Hawaii","2015",3,511,0.587084148727984
"429","Idaho","2015",7,131,5.34351145038168
"430","Illinois","2015",247,1357,18.201915991157
"431","Indiana","2015",194,720,26.9444444444444
"432","Iowa","2015",214,423,50.5910165484634
"433","Kansas","2015",26,640,4.0625
"434","Kentucky","2015",68,224,30.3571428571429
"435","Louisiana","2015",9,162,5.55555555555556
"436","Maine","2015",0,108,0
"437","Maryland","2015",34,940,3.61702127659574
"438","Massachusetts","2015",6,1036,0.579150579150579
"439","Michigan","2015",241,1178,20.4584040747029
"440","Minnesota","2015",289,874,33.0663615560641
"441","Mississippi","2015",3,166,1.80722891566265
"442","Missouri","2015",99,720,13.75
"443","Montana","2015",2,113,1.76991150442478
"444","Nebraska","2015",82,180,45.5555555555556
"445","Nevada","2015",20,376,5.31914893617021
"446","New Hampshire","2015",0,156,0
"447","New Jersey","2015",5,465,1.0752688172043
"448","New Mexico","2015",10,187,5.3475935828877
"449","New York","2015",85,1570,5.4140127388535
"450","North Carolina","2015",26,1113,2.33602875112309
"451","North Dakota","2015",53,86,61.6279069767442
"452","Ohio","2015",136,674,20.1780415430267
"453","Oklahoma","2015",31,362,8.56353591160221
"454","Oregon","2015",8,1205,0.663900414937759
"455","Pennsylvania","2015",37,699,5.29327610872675
"456","Rhode Island","2015",0,197,0
"457","South Carolina","2015",68,493,13.7931034482759
"458","South Dakota","2015",80,129,62.015503875969
"459","Tennessee","2015",69,1086,6.353591160221
"460","Texas","2015",197,2864,6.87849162011173
"461","Utah","2015",3,417,0.719424460431655
"462","Vermont","2015",1,285,0.350877192982456
"463","Virginia","2015",18,892,2.01793721973094
"464","Washington","2015",21,1756,1.19589977220957
"465","West Virginia","2015",9,98,9.18367346938776
"466","Wisconsin","2015",156,670,23.2835820895522
"467","Wyoming","2015",11,98,11.2244897959184
"468","Total","2015",3012,43384,6.942651668818
"469","Alabama","2016",32,390,8.2051282051282
"470","Alaska","2016",0,13,0
"471","Arizona","2016",25,1254,1.99362041467305
"472","Arkansas","2016",44,203,21.6748768472906
"473","California","2016",119,14969,0.79497628432093
"474","Colorado","2016",88,1201,7.32722731057452
"475","Connecticut","2016",4,774,0.516795865633075
"476","Delaware","2016",1,80,1.25
"477","District of Columbia","2016",4,258,1.55038759689922
"478","Florida","2016",74,2429,3.0465212021408
"479","Georgia","2016",56,1736,3.2258064516129
"480","Hawaii","2016",2,587,0.340715502555366
"481","Idaho","2016",6,193,3.10880829015544
"482","Illinois","2016",263,1593,16.5097300690521
"483","Indiana","2016",200,821,24.3605359317905
"484","Iowa","2016",210,480,43.75
"485","Kansas","2016",21,813,2.5830258302583
"486","Kentucky","2016",72,294,24.4897959183673
"487","Louisiana","2016",11,242,4.54545454545455
"488","Maine","2016",0,204,0
"489","Maryland","2016",34,1227,2.77098614506927
"490","Massachusetts","2016",7,1331,0.525920360631104
"491","Michigan","2016",254,1535,16.5472312703583
"492","Minnesota","2016",314,1083,28.9935364727609
"493","Mississippi","2016",3,175,1.71428571428571
"494","Missouri","2016",92,1349,6.81986656782802
"495","Montana","2016",2,141,1.41843971631206
"496","Nebraska","2016",80,237,33.7552742616034
"497","Nevada","2016",20,557,3.59066427289048
"498","New Hampshire","2016",0,212,0
"499","New Jersey","2016",5,565,0.884955752212389
"500","New Mexico","2016",10,220,4.54545454545455
"501","New York","2016",79,1936,4.08057851239669
"502","North Carolina","2016",58,1366,4.24597364568082
"503","North Dakota","2016",43,80,53.75
"504","Ohio","2016",151,856,17.6401869158879
"505","Oklahoma","2016",29,407,7.12530712530713
"506","Oregon","2016",10,1416,0.706214689265537
"507","Pennsylvania","2016",41,897,4.57079152731327
"508","Rhode Island","2016",0,222,0
"509","South Carolina","2016",67,535,12.5233644859813
"510","South Dakota","2016",75,145,51.7241379310345
"511","Tennessee","2016",79,1216,6.49671052631579
"512","Texas","2016",193,3290,5.86626139817629
"513","Utah","2016",1,446,0.224215246636771
"514","Vermont","2016",1,398,0.251256281407035
"515","Virginia","2016",22,1139,1.9315188762072
"516","Washington","2016",21,2013,1.04321907600596
"517","West Virginia","2016",11,126,8.73015873015873
"518","Wisconsin","2016",151,734,20.5722070844687
"519","Wyoming","2016",10,129,7.75193798449612
"520","Total","2016",3095,54517,5.67712823522938
"521","Alabama","2017",39,489,7.97546012269939
"522","Alaska","2017",0,19,0
"523","Arizona","2017",21,1290,1.62790697674419
"524","Arkansas","2017",43,217,19.815668202765
"525","California","2017",147,17426,0.843567083668082
"526","Colorado","2017",91,1590,5.72327044025157
"527","Connecticut","2017",4,838,0.477326968973747
"528","Delaware","2017",1,115,0.869565217391304
"529","District of Columbia","2017",3,272,1.10294117647059
"530","Florida","2017",82,2802,2.92648108493933
"531","Georgia","2017",53,2120,2.5
"532","Hawaii","2017",2,646,0.309597523219814
"533","Idaho","2017",5,221,2.26244343891403
"534","Illinois","2017",270,1691,15.9668835008871
"535","Indiana","2017",204,833,24.4897959183673
"536","Iowa","2017",247,556,44.4244604316547
"537","Kansas","2017",20,827,2.41837968561064
"538","Kentucky","2017",73,321,22.7414330218069
"539","Louisiana","2017",12,315,3.80952380952381
"540","Maine","2017",0,240,0
"541","Maryland","2017",36,1442,2.49653259361997
"542","Massachusetts","2017",7,1574,0.444726810673443
"543","Michigan","2017",254,1601,15.8650843222986
"544","Minnesota","2017",372,1212,30.6930693069307
"545","Mississippi","2017",5,225,2.22222222222222
"546","Missouri","2017",94,1759,5.3439454235361
"547","Montana","2017",2,142,1.40845070422535
"548","Nebraska","2017",95,295,32.2033898305085
"549","Nevada","2017",19,675,2.81481481481481
"550","New Hampshire","2017",0,232,0
"551","New Jersey","2017",4,629,0.635930047694754
"552","New Mexico","2017",11,257,4.28015564202335
"553","New York","2017",72,2228,3.23159784560144
"554","North Carolina","2017",79,1704,4.63615023474178
"555","North Dakota","2017",41,83,49.3975903614458
"556","Ohio","2017",164,1113,14.7349505840072
"557","Oklahoma","2017",32,431,7.4245939675174
"558","Oregon","2017",10,1518,0.658761528326746
"559","Pennsylvania","2017",75,1044,7.18390804597701
"560","Rhode Island","2017",0,232,0
"561","South Carolina","2017",64,642,9.96884735202492
"562","South Dakota","2017",77,152,50.6578947368421
"563","Tennessee","2017",81,1271,6.37293469708891
"564","Texas","2017",215,3573,6.01735236495942
"565","Utah","2017",1,521,0.191938579654511
"566","Vermont","2017",0,442,0
"567","Virginia","2017",31,1261,2.45836637589215
"568","Washington","2017",19,2320,0.818965517241379
"569","West Virginia","2017",33,247,13.3603238866397
"570","Wisconsin","2017",157,790,19.873417721519
"571","Wyoming","2017",12,149,8.05369127516778
"572","Total","2017",3379,62592,5.39845347648262
"573","Alabama","2018",40,558,7.16845878136201
"574","Alaska","2018",0,18,0
"575","Arizona","2018",22,1447,1.52038700760194
"576","Arkansas","2018",43,224,19.1964285714286
"577","California","2018",161,22010,0.731485688323489
"578","Colorado","2018",81,1986,4.0785498489426
"579","Connecticut","2018",4,889,0.449943757030371
"580","Delaware","2018",1,145,0.689655172413793
"581","District of Columbia","2018",3,346,0.867052023121387
"582","Florida","2018",88,3330,2.64264264264264
"583","Georgia","2018",54,2406,2.24438902743142
"584","Hawaii","2018",2,554,0.36101083032491
"585","Idaho","2018",6,223,2.69058295964126
"586","Illinois","2018",280,1853,15.1106314085267
"587","Indiana","2018",211,801,26.3420724094881
"588","Iowa","2018",267,616,43.3441558441558
"589","Kansas","2018",26,872,2.98165137614679
"590","Kentucky","2018",74,342,21.6374269005848
"591","Louisiana","2018",12,320,3.75
"592","Maine","2018",1,282,0.354609929078014
"593","Maryland","2018",35,1850,1.89189189189189
"594","Massachusetts","2018",7,1860,0.376344086021505
"595","Michigan","2018",253,1774,14.2615558060879
"596","Minnesota","2018",412,1292,31.8885448916409
"597","Mississippi","2018",5,223,2.24215246636771
"598","Missouri","2018",98,1872,5.23504273504274
"599","Montana","2018",2,151,1.32450331125828
"600","Nebraska","2018",88,330,26.6666666666667
"601","Nevada","2018",14,712,1.96629213483146
"602","New Hampshire","2018",0,265,0
"603","New Jersey","2018",6,801,0.749063670411985
"604","New Mexico","2018",12,273,4.3956043956044
"605","New York","2018",72,2807,2.5650160313502
"606","North Carolina","2018",86,1818,4.73047304730473
"607","North Dakota","2018",44,100,44
"608","Ohio","2018",165,1291,12.7807900852053
"609","Oklahoma","2018",52,481,10.8108108108108
"610","Oregon","2018",10,1698,0.588928150765607
"611","Pennsylvania","2018",123,1297,9.4834232845027
"612","Rhode Island","2018",0,263,0
"613","South Carolina","2018",66,706,9.34844192634561
"614","South Dakota","2018",77,181,42.5414364640884
"615","Tennessee","2018",78,1343,5.80789277736411
"616","Texas","2018",220,3968,5.54435483870968
"617","Utah","2018",2,662,0.302114803625378
"618","Vermont","2018",0,542,0
"619","Virginia","2018",47,1613,2.91382517048977
"620","Washington","2018",20,2741,0.729660707770887
"621","West Virginia","2018",33,260,12.6923076923077
"622","Wisconsin","2018",212,900,23.5555555555556
"623","Wyoming","2018",12,179,6.70391061452514
"624","Total","2018",3627,73475,4.93637291595781
"625","Alabama","2019",34,651,5.22273425499232
"626","Alaska","2019",0,40,0
"627","Arizona","2019",22,1690,1.30177514792899
"628","Arkansas","2019",47,394,11.9289340101523
"629","California","2019",195,28038,0.695484699336615
"630","Colorado","2019",84,2697,3.11457174638487
"631","Connecticut","2019",3,1093,0.274473924977127
"632","Delaware","2019",1,186,0.537634408602151
"633","District of Columbia","2019",3,566,0.530035335689046
"634","Florida","2019",88,4858,1.81144503911075
"635","Georgia","2019",52,3140,1.65605095541401
"636","Hawaii","2019",2,680,0.294117647058824
"637","Idaho","2019",4,261,1.53256704980843
"638","Illinois","2019",279,2306,12.0988725065048
"639","Indiana","2019",221,938,23.5607675906183
"640","Iowa","2019",300,704,42.6136363636364
"641","Kansas","2019",38,1002,3.79241516966068
"642","Kentucky","2019",71,433,16.3972286374134
"643","Louisiana","2019",14,392,3.57142857142857
"644","Maine","2019",1,452,0.221238938053097
"645","Maryland","2019",39,2204,1.76950998185118
"646","Massachusetts","2019",6,2521,0.238000793335978
"647","Michigan","2019",241,1802,13.3740288568257
"648","Minnesota","2019",430,1570,27.3885350318471
"649","Mississippi","2019",6,391,1.53452685421995
"650","Missouri","2019",111,2102,5.28068506184586
"651","Montana","2019",1,183,0.546448087431694
"652","Nebraska","2019",97,375,25.8666666666667
"653","Nevada","2019",12,976,1.22950819672131
"654","New Hampshire","2019",0,277,0
"655","New Jersey","2019",6,1351,0.444115470022206
"656","New Mexico","2019",14,336,4.16666666666667
"657","New York","2019",71,4765,1.4900314795383
"658","North Carolina","2019",89,2223,4.00359874044085
"659","North Dakota","2019",41,114,35.9649122807018
"660","Ohio","2019",180,1691,10.6445890005914
"661","Oklahoma","2019",56,617,9.07617504051864
"662","Oregon","2019",9,2024,0.444664031620553
"663","Pennsylvania","2019",125,1803,6.93288962839712
"664","Rhode Island","2019",0,420,0
"665","South Carolina","2019",53,803,6.60024906600249
"666","South Dakota","2019",83,233,35.6223175965665
"667","Tennessee","2019",73,1381,5.28602461984069
"668","Texas","2019",232,4847,4.78646585516815
"669","Utah","2019",2,1044,0.191570881226054
"670","Vermont","2019",0,670,0
"671","Virginia","2019",58,2238,2.59159964253798
"672","Washington","2019",20,3371,0.593295757935331
"673","West Virginia","2019",34,295,11.5254237288136
"674","Wisconsin","2019",227,1059,21.4353163361662
"675","Wyoming","2019",11,203,5.41871921182266
"676","Total","2019",3786,94410,4.01016841436288
"677","Alabama","2020",29,736,3.94021739130435
"678","Alaska","2020",0,49,0
"679","Arizona","2020",20,1989,1.00553041729512
"680","Arkansas","2020",50,455,10.989010989011
"681","California","2020",198,35527,0.557322599712894
"682","Colorado","2020",88,3417,2.5753585016096
"683","Connecticut","2020",3,1283,0.233826968043648
"684","Delaware","2020",1,220,0.454545454545455
"685","District of Columbia","2020",3,713,0.420757363253857
"686","Florida","2020",94,5794,1.62236796686227
"687","Georgia","2020",66,3861,1.70940170940171
"688","Hawaii","2020",2,773,0.258732212160414
"689","Idaho","2020",5,324,1.54320987654321
"690","Illinois","2020",284,2785,10.197486535009
"691","Indiana","2020",234,1112,21.0431654676259
"692","Iowa","2020",315,855,36.8421052631579
"693","Kansas","2020",56,1066,5.25328330206379
"694","Kentucky","2020",72,494,14.5748987854251
"695","Louisiana","2020",18,453,3.97350993377483
"696","Maine","2020",0,531,0
"697","Maryland","2020",43,2860,1.5034965034965
"698","Massachusetts","2020",7,3468,0.201845444059977
"699","Michigan","2020",236,1961,12.0346761856196
"700","Minnesota","2020",422,1852,22.7861771058315
"701","Mississippi","2020",5,437,1.1441647597254
"702","Missouri","2020",115,2269,5.06831203173204
"703","Montana","2020",1,230,0.434782608695652
"704","Nebraska","2020",88,419,21.0023866348449
"705","Nevada","2020",12,1206,0.995024875621891
"706","New Hampshire","2020",0,319,0
"707","New Jersey","2020",6,1702,0.352526439482961
"708","New Mexico","2020",14,457,3.06345733041575
"709","New York","2020",75,6301,1.19028725599111
"710","North Carolina","2020",96,2597,3.69657296881017
"711","North Dakota","2020",38,165,23.030303030303
"712","Ohio","2020",193,2178,8.8613406795225
"713","Oklahoma","2020",69,1004,6.87250996015936
"714","Oregon","2020",4,2227,0.17961383026493
"715","Pennsylvania","2020",143,2378,6.013456686291
"716","Rhode Island","2020",0,562,0
"717","South Carolina","2020",49,878,5.58086560364465
"718","South Dakota","2020",80,236,33.8983050847458
"719","Tennessee","2020",89,1525,5.83606557377049
"720","Texas","2020",241,5624,4.28520625889047
"721","Utah","2020",2,1710,0.116959064327485
"722","Vermont","2020",0,803,0
"723","Virginia","2020",61,2683,2.27357435706299
"724","Washington","2020",16,3932,0.406917599186165
"725","West Virginia","2020",37,311,11.8971061093248
"726","Wisconsin","2020",256,1202,21.2978369384359
"727","Wyoming","2020",10,213,4.69483568075117
"728","Total","2020",3946,116146,3.39744803953645
"729","Alabama","2021",33,823,4.0097205346294
"730","Alaska","2021",0,97,0
"731","Arizona","2021",19,2457,0.773300773300773
"732","Arkansas","2021",70,590,11.864406779661
"733","California","2021",264,42193,0.625696205531723
"734","Colorado","2021",96,4163,2.30602930578909
"735","Connecticut","2021",3,1472,0.203804347826087
"736","Delaware","2021",1,327,0.305810397553517
"737","District of Columbia","2021",4,842,0.475059382422803
"738","Florida","2021",111,7039,1.57692854098594
"739","Georgia","2021",67,4142,1.61757605021729
"740","Hawaii","2021",1,845,0.118343195266272
"741","Idaho","2021",5,385,1.2987012987013
"742","Illinois","2021",304,3211,9.46745562130178
"743","Indiana","2021",247,1282,19.2667706708268
"744","Iowa","2021",342,983,34.7914547304171
"745","Kansas","2021",63,1143,5.51181102362205
"746","Kentucky","2021",75,635,11.8110236220472
"747","Louisiana","2021",22,482,4.5643153526971
"748","Maine","2021",0,640,0
"749","Maryland","2021",46,3537,1.30053717839977
"750","Massachusetts","2021",6,4930,0.121703853955375
"751","Michigan","2021",245,2200,11.1363636363636
"752","Minnesota","2021",454,2073,21.9006271104679
"753","Mississippi","2021",4,520,0.769230769230769
"754","Missouri","2021",132,2417,5.46131568059578
"755","Montana","2021",2,243,0.823045267489712
"756","Nebraska","2021",120,537,22.3463687150838
"757","Nevada","2021",12,1395,0.860215053763441
"758","New Hampshire","2021",0,375,0
"759","New Jersey","2021",6,2060,0.29126213592233
"760","New Mexico","2021",18,543,3.31491712707182
"761","New York","2021",79,7834,1.00842481490937
"762","North Carolina","2021",100,3102,3.22372662798195
"763","North Dakota","2021",49,210,23.3333333333333
"764","Ohio","2021",213,2558,8.3268178264269
"765","Oklahoma","2021",88,1411,6.23671155209072
"766","Oregon","2021",4,2541,0.157418339236521
"767","Pennsylvania","2021",146,2993,4.8780487804878
"768","Rhode Island","2021",0,637,0
"769","South Carolina","2021",46,999,4.6046046046046
"770","South Dakota","2021",83,260,31.9230769230769
"771","Tennessee","2021",95,1830,5.19125683060109
"772","Texas","2021",269,6278,4.28480407773176
"773","Utah","2021",1,2059,0.0485672656629432
"774","Vermont","2021",0,877,0
"775","Virginia","2021",64,3482,1.83802412406663
"776","Washington","2021",14,4471,0.31312905390293
"777","West Virginia","2021",38,365,10.4109589041096
"778","Wisconsin","2021",261,1310,19.9236641221374
"779","Wyoming","2021",9,222,4.05405405405405
"780","Total","2021",4331,138020,3.13795102159107
"781","Alabama","2022",31,983,3.15361139369278
"782","Alaska","2022",0,118,0
"783","Arizona","2022",17,2829,0.600919052668788
"784","Arkansas","2022",74,735,10.0680272108844
"785","California","2022",326,44987,0.724653788872341
"786","Colorado","2022",95,4589,2.0701677925474
"787","Connecticut","2022",3,1673,0.17931858936043
"788","Delaware","2022",2,391,0.51150895140665
"789","District of Columbia","2022",4,992,0.403225806451613
"790","Florida","2022",143,8130,1.75891758917589
"791","Georgia","2022",58,4308,1.34633240482823
"792","Hawaii","2022",1,955,0.104712041884817
"793","Idaho","2022",4,419,0.954653937947494
"794","Illinois","2022",293,3842,7.62623633524206
"795","Indiana","2022",240,1411,17.0092133238838
"796","Iowa","2022",346,1320,26.2121212121212
"797","Kansas","2022",73,1187,6.14995787700084
"798","Kentucky","2022",73,717,10.1813110181311
"799","Louisiana","2022",18,563,3.19715808170515
"800","Maine","2022",1,877,0.114025085518814
"801","Maryland","2022",55,4056,1.3560157790927
"802","Massachusetts","2022",6,5817,0.103145951521403
"803","Michigan","2022",228,3037,7.50740862693448
"804","Minnesota","2022",437,2267,19.2765769739744
"805","Mississippi","2022",5,524,0.954198473282443
"806","Missouri","2022",136,2437,5.58063192449733
"807","Montana","2022",2,284,0.704225352112676
"808","Nebraska","2022",126,631,19.9683042789223
"809","Nevada","2022",19,1711,1.1104617182934
"810","New Hampshire","2022",0,490,0
"811","New Jersey","2022",6,2744,0.21865889212828
"812","New Mexico","2022",17,599,2.83806343906511
"813","New York","2022",79,9730,0.811921891058582
"814","North Carolina","2022",107,3353,3.19117208470027
"815","North Dakota","2022",42,235,17.8723404255319
"816","Ohio","2022",209,3139,6.65817139216311
"817","Oklahoma","2022",95,1428,6.65266106442577
"818","Oregon","2022",5,2572,0.194401244167963
"819","Pennsylvania","2022",172,3594,4.78575403450195
"820","Rhode Island","2022",0,781,0
"821","South Carolina","2022",60,1137,5.27704485488127
"822","South Dakota","2022",81,275,29.4545454545455
"823","Tennessee","2022",92,1848,4.97835497835498
"824","Texas","2022",257,7047,3.64694196111821
"825","Utah","2022",1,1938,0.0515995872033024
"826","Vermont","2022",0,901,0
"827","Virginia","2022",72,3839,1.8754884084397
"828","Washington","2022",12,4654,0.257842715943275
"829","West Virginia","2022",38,444,8.55855855855856
"830","Wisconsin","2022",257,1461,17.5906913073237
"831","Wyoming","2022",8,246,3.2520325203252
"832","Total","2022",4426,154245,2.86946092255827
